"Date_Time","Date","Time","min_dec","Day_Type","festivo","FasciaAEEG","Total_Power","DIMAT","Refrigeration_unit2","Data_centre","Bar_Ambrogio","Canteen","Rectory","Print_shop","Allocated","Not_allocated","Week_Day","Month","Month_Day","Year","Year_Day","Hour","Minute"
2018-05-07 00:00:00,"2018-05-07","00:00:00",0,1,"N","F23",140,3.6,2.4,37.6,6,15.6,8,0.4,73.6,66.4,"Lun","Mag",7,"2018",7,0,0
2018-05-07 00:15:00,"2018-05-07","00:15:00",0.25,1,"N","F23",142,4,2.4,40.4,6.4,16.8,8,0,78,64,"Lun","Mag",7,"2018",7,0,15
2018-05-07 00:30:00,"2018-05-07","00:30:00",0.5,1,"N","F23",140.8,3.6,2,39.6,6,18.4,8.4,0.4,78.4,62.4,"Lun","Mag",7,"2018",7,0,30
2018-05-07 00:45:00,"2018-05-07","00:45:00",0.75,1,"N","F23",134,4,2.4,36.4,6,16,8,0.8,73.6,60.4,"Lun","Mag",7,"2018",7,0,45
2018-05-07 01:00:00,"2018-05-07","01:00:00",1,1,"N","F23",139.6,3.6,2.4,42,6,16.8,8,0.4,79.2,60.4,"Lun","Mag",7,"2018",7,1,0
2018-05-07 01:15:00,"2018-05-07","01:15:00",1.25,1,"N","F23",140.8,3.6,2,39.6,6,18,8,0,77.2,63.6,"Lun","Mag",7,"2018",7,1,15
2018-05-07 01:30:00,"2018-05-07","01:30:00",1.5,1,"N","F23",134.4,4,2.4,37.2,6.4,17.6,8.4,0.4,76.4,58,"Lun","Mag",7,"2018",7,1,30
2018-05-07 01:45:00,"2018-05-07","01:45:00",1.75,1,"N","F23",140,3.6,2.4,39.2,6.4,17.2,8,0.4,77.2,62.8,"Lun","Mag",7,"2018",7,1,45
2018-05-07 02:00:00,"2018-05-07","02:00:00",2,1,"N","F23",139.2,4,2.4,41.2,6.4,17.6,8,0.4,80,59.2,"Lun","Mag",7,"2018",7,2,0
2018-05-07 02:15:00,"2018-05-07","02:15:00",2.25,1,"N","F23",135.2,3.6,2.8,38.4,6,18.4,8,0.4,77.6,57.6,"Lun","Mag",7,"2018",7,2,15
2018-05-07 02:30:00,"2018-05-07","02:30:00",2.5,1,"N","F23",132.8,4,2.4,37.6,5.6,18.4,8,0.4,76.4,56.4,"Lun","Mag",7,"2018",7,2,30
2018-05-07 02:45:00,"2018-05-07","02:45:00",2.75,1,"N","F23",138.8,3.6,2.8,39.2,6,19.6,8.4,0.4,80,58.8,"Lun","Mag",7,"2018",7,2,45
2018-05-07 03:00:00,"2018-05-07","03:00:00",3,1,"N","F23",131.2,4,2.4,36,6,19.2,7.6,0.4,75.6,55.6,"Lun","Mag",7,"2018",7,3,0
2018-05-07 03:15:00,"2018-05-07","03:15:00",3.25,1,"N","F23",133.6,3.6,2.4,39.2,6,17.6,8.4,0.4,77.6,56,"Lun","Mag",7,"2018",7,3,15
2018-05-07 03:30:00,"2018-05-07","03:30:00",3.5,1,"N","F23",131.6,4,2.8,37.2,6,17.2,8.4,0.4,76,55.6,"Lun","Mag",7,"2018",7,3,30
2018-05-07 03:45:00,"2018-05-07","03:45:00",3.75,1,"N","F23",134.4,4,2.4,40,6,18.8,7.6,0.4,79.2,55.2,"Lun","Mag",7,"2018",7,3,45
2018-05-07 04:00:00,"2018-05-07","04:00:00",4,1,"N","F23",133.6,3.6,2.4,39.2,6,16.4,8.4,0,76,57.6,"Lun","Mag",7,"2018",7,4,0
2018-05-07 04:15:00,"2018-05-07","04:15:00",4.25,1,"N","F23",132.8,4,2.8,38.8,6,18,8,0.4,78,54.8,"Lun","Mag",7,"2018",7,4,15
2018-05-07 04:30:00,"2018-05-07","04:30:00",4.5,1,"N","F23",132.8,3.6,2.4,38,6.4,17.6,8,0.4,76.4,56.4,"Lun","Mag",7,"2018",7,4,30
2018-05-07 04:45:00,"2018-05-07","04:45:00",4.75,1,"N","F23",136.4,4,2.4,36.8,8.4,19.6,8.4,0.8,80.4,56,"Lun","Mag",7,"2018",7,4,45
2018-05-07 05:00:00,"2018-05-07","05:00:00",5,1,"N","F23",139.6,3.6,2.8,37.2,8.8,18.8,8,0.4,79.6,60,"Lun","Mag",7,"2018",7,5,0
2018-05-07 05:15:00,"2018-05-07","05:15:00",5.25,1,"N","F23",144.8,3.6,2.4,38,7.6,17.6,8,0,77.2,67.6,"Lun","Mag",7,"2018",7,5,15
2018-05-07 05:30:00,"2018-05-07","05:30:00",5.5,1,"N","F23",157.2,4,2.4,38,8.8,19.6,8.4,0.4,81.6,75.6,"Lun","Mag",7,"2018",7,5,30
2018-05-07 05:45:00,"2018-05-07","05:45:00",5.75,1,"N","F23",160,3.6,10,36.8,8,18.8,8.4,0.4,86,74,"Lun","Mag",7,"2018",7,5,45
2018-05-07 06:00:00,"2018-05-07","06:00:00",6,1,"N","F23",168.8,3.6,16.8,37.6,8.4,17.2,8.4,0.4,92.4,76.4,"Lun","Mag",7,"2018",7,6,0
2018-05-07 06:15:00,"2018-05-07","06:15:00",6.25,1,"N","F23",200.4,4,17.2,39.2,10,20.8,8.4,0.4,100,100.4,"Lun","Mag",7,"2018",7,6,15
2018-05-07 06:30:00,"2018-05-07","06:30:00",6.5,1,"N","F23",327.6,5.2,17.6,38.4,10.8,127.6,8.4,0.4,208.4,119.2,"Lun","Mag",7,"2018",7,6,30
2018-05-07 06:45:00,"2018-05-07","06:45:00",6.75,1,"N","F23",316.8,5.6,17.6,38.4,16.8,106.4,8.4,0.4,193.6,123.2,"Lun","Mag",7,"2018",7,6,45
2018-05-07 07:00:00,"2018-05-07","07:00:00",7,1,"N","F23",322,6,18,38.8,21.2,96.8,8.4,0.4,189.6,132.4,"Lun","Mag",7,"2018",7,7,0
2018-05-07 07:15:00,"2018-05-07","07:15:00",7.25,1,"N","F23",324.4,5.6,18.4,37.2,20.4,90,8.8,1.2,181.6,142.8,"Lun","Mag",7,"2018",7,7,15
2018-05-07 07:30:00,"2018-05-07","07:30:00",7.5,1,"N","F23",356.8,5.6,19.6,37.2,12.8,100.4,9.2,2,186.8,170,"Lun","Mag",7,"2018",7,7,30
2018-05-07 07:45:00,"2018-05-07","07:45:00",7.75,1,"N","F23",378,6,20,38,16.8,111.6,11.2,2,205.6,172.4,"Lun","Mag",7,"2018",7,7,45
2018-05-07 08:00:00,"2018-05-07","08:00:00",8,1,"N","F1",422,6,19.6,38,16,150.8,11.2,6.8,248.4,173.6,"Lun","Mag",7,"2018",7,8,0
2018-05-07 08:15:00,"2018-05-07","08:15:00",8.25,1,"N","F1",452.4,6.8,20,36.8,14.8,162.8,12,8.8,262,190.4,"Lun","Mag",7,"2018",7,8,15
2018-05-07 08:30:00,"2018-05-07","08:30:00",8.5,1,"N","F1",500,7.2,20,38.8,32,174.4,13.2,8.8,294.4,205.6,"Lun","Mag",7,"2018",7,8,30
2018-05-07 08:45:00,"2018-05-07","08:45:00",8.75,1,"N","F1",514,7.2,19.6,36.4,26.4,187.2,14.8,9.2,300.8,213.2,"Lun","Mag",7,"2018",7,8,45
2018-05-07 09:00:00,"2018-05-07","09:00:00",9,1,"N","F1",502,7.6,20,37.2,26.4,144.4,14.8,9.6,260,242,"Lun","Mag",7,"2018",7,9,0
2018-05-07 09:15:00,"2018-05-07","09:15:00",9.25,1,"N","F1",514,8,20,38.8,16.8,160,14.8,9.6,268,246,"Lun","Mag",7,"2018",7,9,15
2018-05-07 09:30:00,"2018-05-07","09:30:00",9.5,1,"N","F1",526,7.6,19.6,37.6,17.2,171.2,14.4,8.8,276.4,249.6,"Lun","Mag",7,"2018",7,9,30
2018-05-07 09:45:00,"2018-05-07","09:45:00",9.75,1,"N","F1",549.6,8.8,20,37.2,22.4,176.8,15.6,10,290.8,258.8,"Lun","Mag",7,"2018",7,9,45
2018-05-07 10:00:00,"2018-05-07","10:00:00",10,1,"N","F1",530,8,20,39.2,22,155.6,14.8,8.4,268,262,"Lun","Mag",7,"2018",7,10,0
2018-05-07 10:15:00,"2018-05-07","10:15:00",10.25,1,"N","F1",533.6,8.4,19.6,36.8,24.4,158.4,17.6,8,273.2,260.4,"Lun","Mag",7,"2018",7,10,15
2018-05-07 10:30:00,"2018-05-07","10:30:00",10.5,1,"N","F1",537.6,8.8,20.8,40.4,30,138.8,18,8.8,265.6,272,"Lun","Mag",7,"2018",7,10,30
2018-05-07 10:45:00,"2018-05-07","10:45:00",10.75,1,"N","F1",521.2,9.2,21.6,40.4,26.8,127.6,18.8,8.8,253.2,268,"Lun","Mag",7,"2018",7,10,45
2018-05-07 11:00:00,"2018-05-07","11:00:00",11,1,"N","F1",520.4,8.8,21.6,38.8,24.4,136,18,9.2,256.8,263.6,"Lun","Mag",7,"2018",7,11,0
2018-05-07 11:15:00,"2018-05-07","11:15:00",11.25,1,"N","F1",545.6,8.8,22,38.8,20.4,152.4,18.4,11.2,272,273.6,"Lun","Mag",7,"2018",7,11,15
2018-05-07 11:30:00,"2018-05-07","11:30:00",11.5,1,"N","F1",591.6,8.4,22.4,41.2,22.4,192.8,18.4,10,315.6,276,"Lun","Mag",7,"2018",7,11,30
2018-05-07 11:45:00,"2018-05-07","11:45:00",11.75,1,"N","F1",567.2,9.2,22,38,23.6,178.4,18,9.2,298.4,268.8,"Lun","Mag",7,"2018",7,11,45
2018-05-07 12:00:00,"2018-05-07","12:00:00",12,1,"N","F1",582,8.4,22.8,40.8,26,180,18,10,306,276,"Lun","Mag",7,"2018",7,12,0
2018-05-07 12:15:00,"2018-05-07","12:15:00",12.25,1,"N","F1",577.6,7.6,23.2,39.2,22.8,182.8,18,10,303.6,274,"Lun","Mag",7,"2018",7,12,15
2018-05-07 12:30:00,"2018-05-07","12:30:00",12.5,1,"N","F1",635.6,7.2,78.4,39.6,20,192.8,18,9.6,365.6,270,"Lun","Mag",7,"2018",7,12,30
2018-05-07 12:45:00,"2018-05-07","12:45:00",12.75,1,"N","F1",674.8,7.6,102.8,39.6,26,196.8,17.6,9.6,400,274.8,"Lun","Mag",7,"2018",7,12,45
2018-05-07 13:00:00,"2018-05-07","13:00:00",13,1,"N","F1",722,7.6,137.2,40.8,21.6,204.8,18,9.6,439.6,282.4,"Lun","Mag",7,"2018",7,13,0
2018-05-07 13:15:00,"2018-05-07","13:15:00",13.25,1,"N","F1",679.2,6.8,85.6,38.8,27.6,211.6,17.2,8.4,396,283.2,"Lun","Mag",7,"2018",7,13,15
2018-05-07 13:30:00,"2018-05-07","13:30:00",13.5,1,"N","F1",655.6,7.6,66.4,38.8,29.6,208.8,17.6,9.2,378,277.6,"Lun","Mag",7,"2018",7,13,30
2018-05-07 13:45:00,"2018-05-07","13:45:00",13.75,1,"N","F1",609.2,8.8,53.6,41.6,23.6,186,17.2,8.8,339.6,269.6,"Lun","Mag",7,"2018",7,13,45
2018-05-07 14:00:00,"2018-05-07","14:00:00",14,1,"N","F1",574.4,8.8,54,37.6,22,160,16.4,10.8,309.6,264.8,"Lun","Mag",7,"2018",7,14,0
2018-05-07 14:15:00,"2018-05-07","14:15:00",14.25,1,"N","F1",586,8.4,58.4,41.6,20.4,154,16.8,13.2,312.8,273.2,"Lun","Mag",7,"2018",7,14,15
2018-05-07 14:30:00,"2018-05-07","14:30:00",14.5,1,"N","F1",567.6,7.6,57.6,38.8,21.2,146,17.6,11.2,300,267.6,"Lun","Mag",7,"2018",7,14,30
2018-05-07 14:45:00,"2018-05-07","14:45:00",14.75,1,"N","F1",593.6,6.8,59.2,40,26.4,153.2,17.6,10.8,314,279.6,"Lun","Mag",7,"2018",7,14,45
2018-05-07 15:00:00,"2018-05-07","15:00:00",15,1,"N","F1",569.2,6.8,61.6,40.8,20,136.4,18.8,10.4,294.8,274.4,"Lun","Mag",7,"2018",7,15,0
2018-05-07 15:15:00,"2018-05-07","15:15:00",15.25,1,"N","F1",526.8,6.4,58.4,38.8,15.6,112.4,18.8,10,260.4,266.4,"Lun","Mag",7,"2018",7,15,15
2018-05-07 15:30:00,"2018-05-07","15:30:00",15.5,1,"N","F1",537.6,6.4,54.4,40,18.4,114.8,17.2,11.2,262.4,275.2,"Lun","Mag",7,"2018",7,15,30
2018-05-07 15:45:00,"2018-05-07","15:45:00",15.75,1,"N","F1",504,6.4,54.8,40,16,79.6,18.4,10.8,226,278,"Lun","Mag",7,"2018",7,15,45
2018-05-07 16:00:00,"2018-05-07","16:00:00",16,1,"N","F1",478,6.4,53.2,38.8,15.6,64.8,17.6,9.6,206,272,"Lun","Mag",7,"2018",7,16,0
2018-05-07 16:15:00,"2018-05-07","16:15:00",16.25,1,"N","F1",483.2,6.4,54.4,40.8,17.6,52.8,17.6,9.6,199.2,284,"Lun","Mag",7,"2018",7,16,15
2018-05-07 16:30:00,"2018-05-07","16:30:00",16.5,1,"N","F1",475.2,6.8,52.4,39.6,16.4,43.6,18.4,11.2,188.4,286.8,"Lun","Mag",7,"2018",7,16,30
2018-05-07 16:45:00,"2018-05-07","16:45:00",16.75,1,"N","F1",440.4,6.4,29.2,38.8,14,42.4,18,12.8,161.6,278.8,"Lun","Mag",7,"2018",7,16,45
2018-05-07 17:00:00,"2018-05-07","17:00:00",17,1,"N","F1",450.8,7.2,28,40,16.4,35.6,18.8,10.8,156.8,294,"Lun","Mag",7,"2018",7,17,0
2018-05-07 17:15:00,"2018-05-07","17:15:00",17.25,1,"N","F1",450.4,7.6,27.6,39.2,12,43.2,18.8,8.8,157.2,293.2,"Lun","Mag",7,"2018",7,17,15
2018-05-07 17:30:00,"2018-05-07","17:30:00",17.5,1,"N","F1",444.4,8,26,37.6,12.4,42,18,8.8,152.8,291.6,"Lun","Mag",7,"2018",7,17,30
2018-05-07 17:45:00,"2018-05-07","17:45:00",17.75,1,"N","F1",450.4,8.8,26,36.4,12,35.2,19.2,8.8,146.4,304,"Lun","Mag",7,"2018",7,17,45
2018-05-07 18:00:00,"2018-05-07","18:00:00",18,1,"N","F1",438.4,8.4,26.4,36.8,12.4,30,18.4,9.6,142,296.4,"Lun","Mag",7,"2018",7,18,0
2018-05-07 18:15:00,"2018-05-07","18:15:00",18.25,1,"N","F1",422,7.6,25.6,38,8.4,22,16.4,10,128,294,"Lun","Mag",7,"2018",7,18,15
2018-05-07 18:30:00,"2018-05-07","18:30:00",18.5,1,"N","F1",418.8,8,26.4,36.4,7.2,29.2,15.2,9.6,132,286.8,"Lun","Mag",7,"2018",7,18,30
2018-05-07 18:45:00,"2018-05-07","18:45:00",18.75,1,"N","F1",396,7.6,22.8,37.2,6.4,27.2,14,3.2,118.4,277.6,"Lun","Mag",7,"2018",7,18,45
2018-05-07 19:00:00,"2018-05-07","19:00:00",19,1,"N","F23",378.4,6.4,18,37.6,6.8,32.8,13.6,2,117.2,261.2,"Lun","Mag",7,"2018",7,19,0
2018-05-07 19:15:00,"2018-05-07","19:15:00",19.25,1,"N","F23",336,5.6,16,36.8,6.4,27.6,13.2,1.2,106.8,229.2,"Lun","Mag",7,"2018",7,19,15
2018-05-07 19:30:00,"2018-05-07","19:30:00",19.5,1,"N","F23",282,5.6,13.6,38.8,6,26.8,12.8,0.4,104,178,"Lun","Mag",7,"2018",7,19,30
2018-05-07 19:45:00,"2018-05-07","19:45:00",19.75,1,"N","F23",268.8,4.8,12.4,35.6,6.4,26,12,0,97.2,171.6,"Lun","Mag",7,"2018",7,19,45
2018-05-07 20:00:00,"2018-05-07","20:00:00",20,1,"N","F23",267.6,4.8,12.4,39.2,6,28,12,0.4,102.8,164.8,"Lun","Mag",7,"2018",7,20,0
2018-05-07 20:15:00,"2018-05-07","20:15:00",20.25,1,"N","F23",190.4,4,7.2,35.6,5.6,33.2,10.8,0.8,97.2,93.2,"Lun","Mag",7,"2018",7,20,15
2018-05-07 20:30:00,"2018-05-07","20:30:00",20.5,1,"N","F23",178,4.4,3.2,38.8,6.4,27.6,11.2,0.4,92,86,"Lun","Mag",7,"2018",7,20,30
2018-05-07 20:45:00,"2018-05-07","20:45:00",20.75,1,"N","F23",175.6,4,2.8,37.2,5.6,28,11.2,0.4,89.2,86.4,"Lun","Mag",7,"2018",7,20,45
2018-05-07 21:00:00,"2018-05-07","21:00:00",21,1,"N","F23",166.8,4.4,2.4,37.6,6.4,29.2,10.8,0.4,91.2,75.6,"Lun","Mag",7,"2018",7,21,0
2018-05-07 21:15:00,"2018-05-07","21:15:00",21.25,1,"N","F23",158.4,4,2.8,36.8,5.6,27.2,10,0.4,86.8,71.6,"Lun","Mag",7,"2018",7,21,15
2018-05-07 21:30:00,"2018-05-07","21:30:00",21.5,1,"N","F23",174.8,4,2.4,38.4,5.6,28.8,12,0.4,91.6,83.2,"Lun","Mag",7,"2018",7,21,30
2018-05-07 21:45:00,"2018-05-07","21:45:00",21.75,1,"N","F23",163.6,4,2.4,38.4,6.4,27.6,10,0.4,89.2,74.4,"Lun","Mag",7,"2018",7,21,45
2018-05-07 22:00:00,"2018-05-07","22:00:00",22,1,"N","F23",168,4.4,2.4,38.8,5.2,28.4,10.4,0.4,90,78,"Lun","Mag",7,"2018",7,22,0
2018-05-07 22:15:00,"2018-05-07","22:15:00",22.25,1,"N","F23",149.2,4.4,2,37.2,6.4,25.6,10.4,0,86,63.2,"Lun","Mag",7,"2018",7,22,15
2018-05-07 22:30:00,"2018-05-07","22:30:00",22.5,1,"N","F23",155.6,4,2.4,37.2,5.6,30.8,10,0.4,90.4,65.2,"Lun","Mag",7,"2018",7,22,30
2018-05-07 22:45:00,"2018-05-07","22:45:00",22.75,1,"N","F23",156,4.4,2.4,39.2,6,29.6,10,0.8,92.4,63.6,"Lun","Mag",7,"2018",7,22,45
2018-05-07 23:00:00,"2018-05-07","23:00:00",23,1,"N","F23",146,4,2.4,37.6,6,26.8,10,0.4,87.2,58.8,"Lun","Mag",7,"2018",7,23,0
2018-05-07 23:15:00,"2018-05-07","23:15:00",23.25,1,"N","F23",149.2,4.4,2.4,38,5.6,26.4,9.2,0.4,86.4,62.8,"Lun","Mag",7,"2018",7,23,15
2018-05-07 23:30:00,"2018-05-07","23:30:00",23.5,1,"N","F23",151.6,4,2.4,38.8,6,29.6,9.2,0.4,90.4,61.2,"Lun","Mag",7,"2018",7,23,30
2018-05-07 23:45:00,"2018-05-07","23:45:00",23.75,1,"N","F23",144,4.4,2.4,36.8,5.6,30.4,9.2,0,88.8,55.2,"Lun","Mag",7,"2018",7,23,45
2018-05-08 00:00:00,"2018-05-08","00:00:00",0,2,"N","F23",146.8,4,2,37.2,6,31.6,8.8,0.4,90,56.8,"Mar","Mag",8,"2018",8,0,0
2018-05-08 00:15:00,"2018-05-08","00:15:00",0.25,2,"N","F23",142.8,4,2.4,37.6,6.4,28.4,8.8,0.4,88,54.8,"Mar","Mag",8,"2018",8,0,15
2018-05-08 00:30:00,"2018-05-08","00:30:00",0.5,2,"N","F23",145.2,4.4,2.4,36.8,5.2,28,9.2,0.4,86.4,58.8,"Mar","Mag",8,"2018",8,0,30
2018-05-08 00:45:00,"2018-05-08","00:45:00",0.75,2,"N","F23",139.2,4,2.4,38,6,28,8.8,0.4,87.6,51.6,"Mar","Mag",8,"2018",8,0,45
2018-05-08 01:00:00,"2018-05-08","01:00:00",1,2,"N","F23",140.8,4,2,36.8,5.2,31.6,9.2,0.4,89.2,51.6,"Mar","Mag",8,"2018",8,1,0
2018-05-08 01:15:00,"2018-05-08","01:15:00",1.25,2,"N","F23",147.2,4,2.4,38.8,6,32.4,9.2,0.4,93.2,54,"Mar","Mag",8,"2018",8,1,15
2018-05-08 01:30:00,"2018-05-08","01:30:00",1.5,2,"N","F23",138.8,4,2.4,35.6,5.2,26.8,8.8,0.4,83.2,55.6,"Mar","Mag",8,"2018",8,1,30
2018-05-08 01:45:00,"2018-05-08","01:45:00",1.75,2,"N","F23",142,4,2.4,39.2,5.2,29.6,8.8,0.4,89.6,52.4,"Mar","Mag",8,"2018",8,1,45
2018-05-08 02:00:00,"2018-05-08","02:00:00",2,2,"N","F23",139.6,4.4,2.4,36.8,6,30,9.6,0.4,89.6,50,"Mar","Mag",8,"2018",8,2,0
2018-05-08 02:15:00,"2018-05-08","02:15:00",2.25,2,"N","F23",138,4,2,36,5.2,28,8.4,0.4,84,54,"Mar","Mag",8,"2018",8,2,15
2018-05-08 02:30:00,"2018-05-08","02:30:00",2.5,2,"N","F23",143.2,4,2.4,38.8,5.6,29.2,9.2,0,89.2,54,"Mar","Mag",8,"2018",8,2,30
2018-05-08 02:45:00,"2018-05-08","02:45:00",2.75,2,"N","F23",142,4,2.4,38,5.2,28.4,8.8,0.4,87.2,54.8,"Mar","Mag",8,"2018",8,2,45
2018-05-08 03:00:00,"2018-05-08","03:00:00",3,2,"N","F23",135.6,4,2.4,36.4,5.2,28.4,8.8,0.8,86,49.6,"Mar","Mag",8,"2018",8,3,0
2018-05-08 03:15:00,"2018-05-08","03:15:00",3.25,2,"N","F23",143.6,4.4,2.4,38.8,5.6,32.8,9.2,0.4,93.6,50,"Mar","Mag",8,"2018",8,3,15
2018-05-08 03:30:00,"2018-05-08","03:30:00",3.5,2,"N","F23",141.6,4,2,36,5.2,31.6,8.8,0.4,88,53.6,"Mar","Mag",8,"2018",8,3,30
2018-05-08 03:45:00,"2018-05-08","03:45:00",3.75,2,"N","F23",136,4,2.4,36.8,5.6,26.4,8.8,0.4,84.4,51.6,"Mar","Mag",8,"2018",8,3,45
2018-05-08 04:00:00,"2018-05-08","04:00:00",4,2,"N","F23",142.8,4.4,2.4,38.8,5.6,29.6,9.2,0,90,52.8,"Mar","Mag",8,"2018",8,4,0
2018-05-08 04:15:00,"2018-05-08","04:15:00",4.25,2,"N","F23",138.4,4,2.4,35.6,5.2,28.8,9.2,0.4,85.6,52.8,"Mar","Mag",8,"2018",8,4,15
2018-05-08 04:30:00,"2018-05-08","04:30:00",4.5,2,"N","F23",146,4,2,38.4,5.2,33.6,8.8,0.4,92.4,53.6,"Mar","Mag",8,"2018",8,4,30
2018-05-08 04:45:00,"2018-05-08","04:45:00",4.75,2,"N","F23",151.6,4,2.4,37.6,8.8,30,8.8,0.4,92,59.6,"Mar","Mag",8,"2018",8,4,45
2018-05-08 05:00:00,"2018-05-08","05:00:00",5,2,"N","F23",142,4.4,2.4,35.2,8.8,28.8,9.2,0.8,89.6,52.4,"Mar","Mag",8,"2018",8,5,0
2018-05-08 05:15:00,"2018-05-08","05:15:00",5.25,2,"N","F23",148.4,4,2.4,39.2,9.6,29.2,8.4,0,92.8,55.6,"Mar","Mag",8,"2018",8,5,15
2018-05-08 05:30:00,"2018-05-08","05:30:00",5.5,2,"N","F23",154,4.4,2.4,36.4,8,30,9.2,0.4,90.8,63.2,"Mar","Mag",8,"2018",8,5,30
2018-05-08 05:45:00,"2018-05-08","05:45:00",5.75,2,"N","F23",NA,4,2.4,35.6,8.4,31.2,9.2,0.4,91.2,55.6,"Mar","Mag",8,"2018",8,5,45
2018-05-08 06:00:00,"2018-05-08","06:00:00",6,2,"N","F23",NA,4.4,2,38.8,9.2,30.4,9.2,0.4,94.4,64.4,"Mar","Mag",8,"2018",8,6,0
2018-05-08 06:15:00,"2018-05-08","06:15:00",6.25,2,"N","F23",NA,4.4,2.8,36.4,9.6,28.8,9.6,0.4,92,66.4,"Mar","Mag",8,"2018",8,6,15
2018-05-08 06:30:00,"2018-05-08","06:30:00",6.5,2,"N","F23",NA,5.2,3.2,36,10,94,8.8,0.4,157.6,86.8,"Mar","Mag",8,"2018",8,6,30
2018-05-08 06:45:00,"2018-05-08","06:45:00",6.75,2,"N","F23",NA,5.2,3.6,38,18,118,9.2,0,192,93.2,"Mar","Mag",8,"2018",8,6,45
2018-05-08 07:00:00,"2018-05-08","07:00:00",7,2,"N","F23",NA,5.6,8.4,36.4,20.8,106.4,8.8,0.8,187.2,96.8,"Mar","Mag",8,"2018",8,7,0
2018-05-08 07:15:00,"2018-05-08","07:15:00",7.25,2,"N","F23",NA,5.2,14.8,37.2,17.6,99.2,8.4,1.2,183.6,143.2,"Mar","Mag",8,"2018",8,7,15
2018-05-08 07:30:00,"2018-05-08","07:30:00",7.5,2,"N","F23",NA,5.2,16.8,38,12.8,101.2,8.8,2,184.8,169.6,"Mar","Mag",8,"2018",8,7,30
2018-05-08 07:45:00,"2018-05-08","07:45:00",7.75,2,"N","F23",NA,5.2,17.6,37.6,14.4,131.6,8.8,2,217.2,186,"Mar","Mag",8,"2018",8,7,45
2018-05-08 08:00:00,"2018-05-08","08:00:00",8,2,"N","F1",NA,6,16.4,35.6,16.8,146.8,10.4,1.6,233.6,187.6,"Mar","Mag",8,"2018",8,8,0
2018-05-08 08:15:00,"2018-05-08","08:15:00",8.25,2,"N","F1",NA,5.6,16,38.8,16.8,174.4,10.8,7.6,270,214,"Mar","Mag",8,"2018",8,8,15
2018-05-08 08:30:00,"2018-05-08","08:30:00",8.5,2,"N","F1",NA,6,16,36.8,25.2,207.6,11.6,8.8,312,229.2,"Mar","Mag",8,"2018",8,8,30
2018-05-08 08:45:00,"2018-05-08","08:45:00",8.75,2,"N","F1",NA,6,15.6,37.6,26.4,167.6,11.6,8.4,273.2,237.6,"Mar","Mag",8,"2018",8,8,45
2018-05-08 09:00:00,"2018-05-08","09:00:00",9,2,"N","F1",NA,6.8,17.2,37.2,27.6,169.2,12.8,10,280.8,262,"Mar","Mag",8,"2018",8,9,0
2018-05-08 09:15:00,"2018-05-08","09:15:00",9.25,2,"N","F1",NA,7.2,17.6,38,21.2,158,16,9.6,267.6,257.6,"Mar","Mag",8,"2018",8,9,15
2018-05-08 09:30:00,"2018-05-08","09:30:00",9.5,2,"N","F1",NA,6.8,17.6,36.8,18.8,155.2,15.6,9.2,260,260.4,"Mar","Mag",8,"2018",8,9,30
2018-05-08 09:45:00,"2018-05-08","09:45:00",9.75,2,"N","F1",NA,7.6,18.4,37.6,22.8,158,17.2,10.8,272.4,260,"Mar","Mag",8,"2018",8,9,45
2018-05-08 10:00:00,"2018-05-08","10:00:00",10,2,"N","F1",NA,7.2,18.4,38.8,28,167.6,17.2,12,289.2,273.6,"Mar","Mag",8,"2018",8,10,0
2018-05-08 10:15:00,"2018-05-08","10:15:00",10.25,2,"N","F1",NA,6.4,18,38,28,180.4,18,11.2,300,271.6,"Mar","Mag",8,"2018",8,10,15
2018-05-08 10:30:00,"2018-05-08","10:30:00",10.5,2,"N","F1",NA,6.8,18.4,40,30,165.2,17.6,9.6,287.6,278.4,"Mar","Mag",8,"2018",8,10,30
2018-05-08 10:45:00,"2018-05-08","10:45:00",10.75,2,"N","F1",NA,6.8,18,38,26.4,150.8,18,9.6,267.6,285.6,"Mar","Mag",8,"2018",8,10,45
2018-05-08 11:00:00,"2018-05-08","11:00:00",11,2,"N","F1",522.8,6.8,18.8,40.8,22.4,136.8,17.2,10,252.8,270,"Mar","Mag",8,"2018",8,11,0
2018-05-08 11:15:00,"2018-05-08","11:15:00",11.25,2,"N","F1",533.2,6.8,20,40,24.8,135.6,18,10.8,256,277.2,"Mar","Mag",8,"2018",8,11,15
2018-05-08 11:30:00,"2018-05-08","11:30:00",11.5,2,"N","F1",571.6,6.4,19.6,39.2,22.4,177.2,18.4,10,293.2,278.4,"Mar","Mag",8,"2018",8,11,30
2018-05-08 11:45:00,"2018-05-08","11:45:00",11.75,2,"N","F1",600.4,6.4,27.6,40.4,26,182,16.8,9.6,308.8,291.6,"Mar","Mag",8,"2018",8,11,45
2018-05-08 12:00:00,"2018-05-08","12:00:00",12,2,"N","F1",634,6.8,75.6,39.6,24,173.6,18.4,12.4,350.4,283.6,"Mar","Mag",8,"2018",8,12,0
2018-05-08 12:15:00,"2018-05-08","12:15:00",12.25,2,"N","F1",623.6,6.4,88.4,39.2,21.2,165.2,18.4,11.2,350,273.6,"Mar","Mag",8,"2018",8,12,15
2018-05-08 12:30:00,"2018-05-08","12:30:00",12.5,2,"N","F1",619.2,6,58,40,19.2,186.4,17.6,12.8,340,279.2,"Mar","Mag",8,"2018",8,12,30
2018-05-08 12:45:00,"2018-05-08","12:45:00",12.75,2,"N","F1",614,6.8,47.6,40,20.8,190.8,18.4,11.2,335.6,278.4,"Mar","Mag",8,"2018",8,12,45
2018-05-08 13:00:00,"2018-05-08","13:00:00",13,2,"N","F1",602,6,44.8,38.8,23.2,184,17.6,8.4,322.8,279.2,"Mar","Mag",8,"2018",8,13,0
2018-05-08 13:15:00,"2018-05-08","13:15:00",13.25,2,"N","F1",626.4,6.4,62.4,37.6,25.2,186.8,17.6,8.8,344.8,281.6,"Mar","Mag",8,"2018",8,13,15
2018-05-08 13:30:00,"2018-05-08","13:30:00",13.5,2,"N","F1",618.8,5.6,47.2,42.8,28,190.8,18,9.2,341.6,277.2,"Mar","Mag",8,"2018",8,13,30
2018-05-08 13:45:00,"2018-05-08","13:45:00",13.75,2,"N","F1",603.2,6,46.8,38.8,23.6,195.6,15.6,8.8,335.2,268,"Mar","Mag",8,"2018",8,13,45
2018-05-08 14:00:00,"2018-05-08","14:00:00",14,2,"N","F1",583.6,6,48.8,39.6,24,168.4,14.4,8.4,309.6,274,"Mar","Mag",8,"2018",8,14,0
2018-05-08 14:15:00,"2018-05-08","14:15:00",14.25,2,"N","F1",588,6.8,37.2,38.4,25.6,183.6,15.6,8.4,315.6,272.4,"Mar","Mag",8,"2018",8,14,15
2018-05-08 14:30:00,"2018-05-08","14:30:00",14.5,2,"N","F1",564.4,6.4,55.2,41.2,22.4,144,15.2,8.8,293.2,271.2,"Mar","Mag",8,"2018",8,14,30
2018-05-08 14:45:00,"2018-05-08","14:45:00",14.75,2,"N","F1",574,8,48.8,39.6,22,154,14.8,9.2,296.4,277.6,"Mar","Mag",8,"2018",8,14,45
2018-05-08 15:00:00,"2018-05-08","15:00:00",15,2,"N","F1",553.2,6,47.6,40.4,18.4,142,14.8,9.6,278.8,274.4,"Mar","Mag",8,"2018",8,15,0
2018-05-08 15:15:00,"2018-05-08","15:15:00",15.25,2,"N","F1",535.2,6,47.2,38.8,17.2,128.8,14.4,12.8,265.2,270,"Mar","Mag",8,"2018",8,15,15
2018-05-08 15:30:00,"2018-05-08","15:30:00",15.5,2,"N","F1",510.8,6.8,48.8,40,16.8,92.4,15.2,12.4,232.4,278.4,"Mar","Mag",8,"2018",8,15,30
2018-05-08 15:45:00,"2018-05-08","15:45:00",15.75,2,"N","F1",506,6.4,48.4,40,15.6,90.8,14.8,11.2,227.2,278.8,"Mar","Mag",8,"2018",8,15,45
2018-05-08 16:00:00,"2018-05-08","16:00:00",16,2,"N","F1",466,6.4,47.6,37.2,16.4,53.6,14.8,10,186,280,"Mar","Mag",8,"2018",8,16,0
2018-05-08 16:15:00,"2018-05-08","16:15:00",16.25,2,"N","F1",493.2,7.6,48.8,42,17.2,60.8,16.4,9.2,202,291.2,"Mar","Mag",8,"2018",8,16,15
2018-05-08 16:30:00,"2018-05-08","16:30:00",16.5,2,"N","F1",474,5.6,48.8,38.8,17.6,46,16,10.4,183.2,290.8,"Mar","Mag",8,"2018",8,16,30
2018-05-08 16:45:00,"2018-05-08","16:45:00",16.75,2,"N","F1",445.6,6,49.6,37.2,16.4,35.2,15.2,9.2,168.8,276.8,"Mar","Mag",8,"2018",8,16,45
2018-05-08 17:00:00,"2018-05-08","17:00:00",17,2,"N","F1",453.6,5.6,54.4,39.2,15.2,27.2,16,10,167.6,286,"Mar","Mag",8,"2018",8,17,0
2018-05-08 17:15:00,"2018-05-08","17:15:00",17.25,2,"N","F1",429.2,5.6,52.8,36,13.6,22.4,14.4,9.2,154,275.2,"Mar","Mag",8,"2018",8,17,15
2018-05-08 17:30:00,"2018-05-08","17:30:00",17.5,2,"N","F1",433.2,5.6,48,39.6,13.2,24,13.2,8.8,152.4,280.8,"Mar","Mag",8,"2018",8,17,30
2018-05-08 17:45:00,"2018-05-08","17:45:00",17.75,2,"N","F1",422.8,4.8,48,38,13.2,20.8,12.8,11.6,149.2,273.6,"Mar","Mag",8,"2018",8,17,45
2018-05-08 18:00:00,"2018-05-08","18:00:00",18,2,"N","F1",418.8,5.6,61.2,40.4,11.6,19.6,12.4,10.4,161.2,257.6,"Mar","Mag",8,"2018",8,18,0
2018-05-08 18:15:00,"2018-05-08","18:15:00",18.25,2,"N","F1",409.6,5.2,61.6,37.6,9.2,22.8,12.4,9.6,158.4,251.2,"Mar","Mag",8,"2018",8,18,15
2018-05-08 18:30:00,"2018-05-08","18:30:00",18.5,2,"N","F1",398,5.2,54,42,8,23.2,12.4,7.6,152.4,245.6,"Mar","Mag",8,"2018",8,18,30
2018-05-08 18:45:00,"2018-05-08","18:45:00",18.75,2,"N","F1",374.4,5.2,52,36.4,8,19.6,12.4,3.2,136.8,237.6,"Mar","Mag",8,"2018",8,18,45
2018-05-08 19:00:00,"2018-05-08","19:00:00",19,2,"N","F23",376,5.2,51.6,42,7.2,19.6,11.2,2,138.8,237.2,"Mar","Mag",8,"2018",8,19,0
2018-05-08 19:15:00,"2018-05-08","19:15:00",19.25,2,"N","F23",329.2,5.2,38.8,37.2,8,22,11.6,1.2,124,205.2,"Mar","Mag",8,"2018",8,19,15
2018-05-08 19:30:00,"2018-05-08","19:30:00",19.5,2,"N","F23",274,4.4,28.8,40.8,7.2,19.6,11.2,0,112,162,"Mar","Mag",8,"2018",8,19,30
2018-05-08 19:45:00,"2018-05-08","19:45:00",19.75,2,"N","F23",278.4,4.8,37.2,38.4,7.6,21.2,11.2,0.4,120.8,157.6,"Mar","Mag",8,"2018",8,19,45
2018-05-08 20:00:00,"2018-05-08","20:00:00",20,2,"N","F23",268,4,31.6,40.8,7.6,24.8,10.8,0.4,120,148,"Mar","Mag",8,"2018",8,20,0
2018-05-08 20:15:00,"2018-05-08","20:15:00",20.25,2,"N","F23",205.2,4.4,19.6,38.8,7.6,21.2,10.4,0.4,102.4,102.8,"Mar","Mag",8,"2018",8,20,15
2018-05-08 20:30:00,"2018-05-08","20:30:00",20.5,2,"N","F23",183.2,4.8,2,38.8,6.8,21.2,11.2,0.4,85.2,98,"Mar","Mag",8,"2018",8,20,30
2018-05-08 20:45:00,"2018-05-08","20:45:00",20.75,2,"N","F23",180.4,4.4,2.4,40,7.2,20,10.8,0.4,85.2,95.2,"Mar","Mag",8,"2018",8,20,45
2018-05-08 21:00:00,"2018-05-08","21:00:00",21,2,"N","F23",174,4.4,2.4,38,7.2,18,11.2,0.8,82,92,"Mar","Mag",8,"2018",8,21,0
2018-05-08 21:15:00,"2018-05-08","21:15:00",21.25,2,"N","F23",170,4,2.4,37.2,6.8,18.8,11.2,0,80.4,89.6,"Mar","Mag",8,"2018",8,21,15
2018-05-08 21:30:00,"2018-05-08","21:30:00",21.5,2,"N","F23",168,4,2.4,39.6,6.8,22,12,0.4,87.2,80.8,"Mar","Mag",8,"2018",8,21,30
2018-05-08 21:45:00,"2018-05-08","21:45:00",21.75,2,"N","F23",157.6,3.6,2.4,38,6.8,17.6,10.8,0.4,79.6,78,"Mar","Mag",8,"2018",8,21,45
2018-05-08 22:00:00,"2018-05-08","22:00:00",22,2,"N","F23",154.8,4,2.4,39.2,6.8,18,10,0.4,80.8,74,"Mar","Mag",8,"2018",8,22,0
2018-05-08 22:15:00,"2018-05-08","22:15:00",22.25,2,"N","F23",144,4,2.4,37.2,6.8,16.4,10,0.4,77.2,66.8,"Mar","Mag",8,"2018",8,22,15
2018-05-08 22:30:00,"2018-05-08","22:30:00",22.5,2,"N","F23",141.2,4,2,38,6,16.4,9.6,0,76,65.2,"Mar","Mag",8,"2018",8,22,30
2018-05-08 22:45:00,"2018-05-08","22:45:00",22.75,2,"N","F23",146.4,4,2.4,39.6,6.4,18.8,10,0.4,81.6,64.8,"Mar","Mag",8,"2018",8,22,45
2018-05-08 23:00:00,"2018-05-08","23:00:00",23,2,"N","F23",139.2,3.6,2.4,37.2,6.8,18.8,10,0.4,79.2,60,"Mar","Mag",8,"2018",8,23,0
2018-05-08 23:15:00,"2018-05-08","23:15:00",23.25,2,"N","F23",136.8,4,2.4,40.8,5.6,18.8,9.6,0.8,82,54.8,"Mar","Mag",8,"2018",8,23,15
2018-05-08 23:30:00,"2018-05-08","23:30:00",23.5,2,"N","F23",134.8,4,2,39.6,6.4,16.8,9.2,0,78,56.8,"Mar","Mag",8,"2018",8,23,30
2018-05-08 23:45:00,"2018-05-08","23:45:00",23.75,2,"N","F23",130.4,4,2.4,38.8,6.4,16.4,9.6,0.4,78,52.4,"Mar","Mag",8,"2018",8,23,45
2018-05-09 00:00:00,"2018-05-09","00:00:00",0,3,"N","F23",131.2,3.6,2.4,37.6,6.8,17.6,8.8,0.4,77.2,54,"Mer","Mag",9,"2018",9,0,0
2018-05-09 00:15:00,"2018-05-09","00:15:00",0.25,3,"N","F23",129.6,4,2.4,37.2,6.8,18.4,9.2,0.4,78.4,51.2,"Mer","Mag",9,"2018",9,0,15
2018-05-09 00:30:00,"2018-05-09","00:30:00",0.5,3,"N","F23",123.2,4,2,38.4,6,16.4,9.2,0.4,76.4,46.8,"Mer","Mag",9,"2018",9,0,30
2018-05-09 00:45:00,"2018-05-09","00:45:00",0.75,3,"N","F23",123.6,4,2.4,36.8,6,16.8,8.8,0,74.8,48.8,"Mer","Mag",9,"2018",9,0,45
2018-05-09 01:00:00,"2018-05-09","01:00:00",1,3,"N","F23",132,4,2.4,39.2,6.8,20.4,9.6,0.4,82.8,49.2,"Mer","Mag",9,"2018",9,1,0
2018-05-09 01:15:00,"2018-05-09","01:15:00",1.25,3,"N","F23",114.8,3.6,2.4,35.6,6,16,8.8,0.8,73.2,41.6,"Mer","Mag",9,"2018",9,1,15
2018-05-09 01:30:00,"2018-05-09","01:30:00",1.5,3,"N","F23",123.6,4,2.4,38.8,6,17.6,9.2,0.4,78.4,45.2,"Mer","Mag",9,"2018",9,1,30
2018-05-09 01:45:00,"2018-05-09","01:45:00",1.75,3,"N","F23",122.4,4,4.4,36.4,6.4,16,9.2,0,76.4,46,"Mer","Mag",9,"2018",9,1,45
2018-05-09 02:00:00,"2018-05-09","02:00:00",2,3,"N","F23",131.2,4,5.2,35.6,6,16.8,8.8,0.4,76.8,54.4,"Mer","Mag",9,"2018",9,2,0
2018-05-09 02:15:00,"2018-05-09","02:15:00",2.25,3,"N","F23",132,4,5.2,37.6,6,18,9.2,0.4,80.4,51.6,"Mer","Mag",9,"2018",9,2,15
2018-05-09 02:30:00,"2018-05-09","02:30:00",2.5,3,"N","F23",132.8,4,4.4,37.2,6,16,9.2,0.4,77.2,55.6,"Mer","Mag",9,"2018",9,2,30
2018-05-09 02:45:00,"2018-05-09","02:45:00",2.75,3,"N","F23",122.8,4,2,36,5.6,16.4,8.8,0.4,73.2,49.6,"Mer","Mag",9,"2018",9,2,45
2018-05-09 03:00:00,"2018-05-09","03:00:00",3,3,"N","F23",126,4,2.4,36.8,6.4,16.4,9.2,0,75.2,50.8,"Mer","Mag",9,"2018",9,3,0
2018-05-09 03:15:00,"2018-05-09","03:15:00",3.25,3,"N","F23",130.8,4,2.4,38,5.6,16.8,9.2,0.8,76.8,54,"Mer","Mag",9,"2018",9,3,15
2018-05-09 03:30:00,"2018-05-09","03:30:00",3.5,3,"N","F23",117.6,4,2.4,35.6,6,17.2,8.8,0.4,74.4,43.2,"Mer","Mag",9,"2018",9,3,30
2018-05-09 03:45:00,"2018-05-09","03:45:00",3.75,3,"N","F23",118.8,4,2.4,36.8,6,16.8,9.2,0.4,75.6,43.2,"Mer","Mag",9,"2018",9,3,45
2018-05-09 04:00:00,"2018-05-09","04:00:00",4,3,"N","F23",122.4,4,2.4,38.8,6.8,16.4,9.2,0,77.6,44.8,"Mer","Mag",9,"2018",9,4,0
2018-05-09 04:15:00,"2018-05-09","04:15:00",4.25,3,"N","F23",125.6,4,2,35.6,5.6,19.6,8.8,0.4,76,49.6,"Mer","Mag",9,"2018",9,4,15
2018-05-09 04:30:00,"2018-05-09","04:30:00",4.5,3,"N","F23",125.6,4.4,2.4,37.6,7.2,20.4,9.2,0.4,81.6,44,"Mer","Mag",9,"2018",9,4,30
2018-05-09 04:45:00,"2018-05-09","04:45:00",4.75,3,"N","F23",127.6,4,2.4,38,9.2,17.6,9.2,0.4,80.8,46.8,"Mer","Mag",9,"2018",9,4,45
2018-05-09 05:00:00,"2018-05-09","05:00:00",5,3,"N","F23",126.4,4,2.4,35.6,8.8,17.2,8.8,0.4,77.2,49.2,"Mer","Mag",9,"2018",9,5,0
2018-05-09 05:15:00,"2018-05-09","05:15:00",5.25,3,"N","F23",134.4,4,2.4,37.6,8.8,19.2,9.2,0.4,81.6,52.8,"Mer","Mag",9,"2018",9,5,15
2018-05-09 05:30:00,"2018-05-09","05:30:00",5.5,3,"N","F23",144.4,4,2,38,8,20,9.2,0.4,81.6,62.8,"Mer","Mag",9,"2018",9,5,30
2018-05-09 05:45:00,"2018-05-09","05:45:00",5.75,3,"N","F23",132.8,4,2.4,35.6,8.8,17.2,9.2,0.4,77.6,55.2,"Mer","Mag",9,"2018",9,5,45
2018-05-09 06:00:00,"2018-05-09","06:00:00",6,3,"N","F23",137.2,4,2.4,37.2,9.2,20,9.2,0.4,82.4,54.8,"Mer","Mag",9,"2018",9,6,0
2018-05-09 06:15:00,"2018-05-09","06:15:00",6.25,3,"N","F23",163.6,4,2.4,38,9.2,35.6,10,0,99.2,64.4,"Mer","Mag",9,"2018",9,6,15
2018-05-09 06:30:00,"2018-05-09","06:30:00",6.5,3,"N","F23",280.8,4.8,2.4,35.2,9.2,129.6,9.2,0.4,190.8,90,"Mer","Mag",9,"2018",9,6,30
2018-05-09 06:45:00,"2018-05-09","06:45:00",6.75,3,"N","F23",283.2,4.8,2.4,36.8,15.6,118,9.2,0.4,187.2,96,"Mer","Mag",9,"2018",9,6,45
2018-05-09 07:00:00,"2018-05-09","07:00:00",7,3,"N","F23",285.2,5.6,2,37.6,20.8,104.4,8.4,0.4,179.2,106,"Mer","Mag",9,"2018",9,7,0
2018-05-09 07:15:00,"2018-05-09","07:15:00",7.25,3,"N","F23",318.8,5.2,3.2,36.4,20.4,112.8,8,1.2,187.2,131.6,"Mer","Mag",9,"2018",9,7,15
2018-05-09 07:30:00,"2018-05-09","07:30:00",7.5,3,"N","F23",343.6,5.2,4.4,36.8,14.4,118,8.4,2,189.2,154.4,"Mer","Mag",9,"2018",9,7,30
2018-05-09 07:45:00,"2018-05-09","07:45:00",7.75,3,"N","F23",368.8,4.8,4.4,37.2,15.2,139.6,8.8,2,212,156.8,"Mer","Mag",9,"2018",9,7,45
2018-05-09 08:00:00,"2018-05-09","08:00:00",8,3,"N","F1",444.4,5.2,5.2,36.8,15.6,196,9.6,8.4,276.8,167.6,"Mer","Mag",9,"2018",9,8,0
2018-05-09 08:15:00,"2018-05-09","08:15:00",8.25,3,"N","F1",479.2,5.2,6.4,38.8,25.6,194.8,10.4,9.6,290.8,188.4,"Mer","Mag",9,"2018",9,8,15
2018-05-09 08:30:00,"2018-05-09","08:30:00",8.5,3,"N","F1",484.8,5.6,6.8,37.6,30,184.8,11.2,10,286,198.8,"Mer","Mag",9,"2018",9,8,30
2018-05-09 08:45:00,"2018-05-09","08:45:00",8.75,3,"N","F1",508.8,7.2,6.8,37.2,28,190.4,11.2,9.2,290,218.8,"Mer","Mag",9,"2018",9,8,45
2018-05-09 09:00:00,"2018-05-09","09:00:00",9,3,"N","F1",507.2,6.4,7.2,36.8,19.6,176.4,12.4,9.2,268,239.2,"Mer","Mag",9,"2018",9,9,0
2018-05-09 09:15:00,"2018-05-09","09:15:00",9.25,3,"N","F1",470.4,5.6,6.8,38,13.2,150.4,12.8,9.2,236,234.4,"Mer","Mag",9,"2018",9,9,15
2018-05-09 09:30:00,"2018-05-09","09:30:00",9.5,3,"N","F1",512.8,6.8,6.8,40,20,164,14,10,261.6,251.2,"Mer","Mag",9,"2018",9,9,30
2018-05-09 09:45:00,"2018-05-09","09:45:00",9.75,3,"N","F1",528,7.2,7.2,40,24.8,175.6,14,10,278.8,249.2,"Mer","Mag",9,"2018",9,9,45
2018-05-09 10:00:00,"2018-05-09","10:00:00",10,3,"N","F1",508.4,6.4,6.8,38.4,24.4,162,14.4,10,262.4,246,"Mer","Mag",9,"2018",9,10,0
2018-05-09 10:15:00,"2018-05-09","10:15:00",10.25,3,"N","F1",531.6,6.4,7.2,39.6,27.6,169.6,14.8,10,275.2,256.4,"Mer","Mag",9,"2018",9,10,15
2018-05-09 10:30:00,"2018-05-09","10:30:00",10.5,3,"N","F1",525.2,7.6,8.8,38.4,29.2,157.6,14.8,10,266.4,258.8,"Mer","Mag",9,"2018",9,10,30
2018-05-09 10:45:00,"2018-05-09","10:45:00",10.75,3,"N","F1",502.4,6.8,7.6,39.6,27.2,148.4,14.4,8.8,252.8,249.6,"Mer","Mag",9,"2018",9,10,45
2018-05-09 11:00:00,"2018-05-09","11:00:00",11,3,"N","F1",531.2,6.4,16,40.4,24,157.6,15.2,9.2,268.8,262.4,"Mer","Mag",9,"2018",9,11,0
2018-05-09 11:15:00,"2018-05-09","11:15:00",11.25,3,"N","F1",571.2,7.2,32.8,38,22.4,173.2,16,10,299.6,271.6,"Mer","Mag",9,"2018",9,11,15
2018-05-09 11:30:00,"2018-05-09","11:30:00",11.5,3,"N","F1",586.8,8,34.4,40,20,183.2,15.6,9.2,310.4,276.4,"Mer","Mag",9,"2018",9,11,30
2018-05-09 11:45:00,"2018-05-09","11:45:00",11.75,3,"N","F1",652.4,8.4,90.8,39.6,25.2,183.2,16,8.8,372,280.4,"Mer","Mag",9,"2018",9,11,45
2018-05-09 12:00:00,"2018-05-09","12:00:00",12,3,"N","F1",687.6,8,121.6,39.6,24.8,180.8,16,10.8,401.6,286,"Mer","Mag",9,"2018",9,12,0
2018-05-09 12:15:00,"2018-05-09","12:15:00",12.25,3,"N","F1",664.8,7.6,117.2,36.4,23.6,175.2,16.8,12,388.8,276,"Mer","Mag",9,"2018",9,12,15
2018-05-09 12:30:00,"2018-05-09","12:30:00",12.5,3,"N","F1",655.2,7.6,88.8,42,20,184,16.4,9.2,368,287.2,"Mer","Mag",9,"2018",9,12,30
2018-05-09 12:45:00,"2018-05-09","12:45:00",12.75,3,"N","F1",639.6,6.8,78.4,39.6,20.8,188,16.8,9.2,359.6,280,"Mer","Mag",9,"2018",9,12,45
2018-05-09 13:00:00,"2018-05-09","13:00:00",13,3,"N","F1",638.4,6.8,71.2,38.8,24.4,196.4,15.6,8.8,362,276.4,"Mer","Mag",9,"2018",9,13,0
2018-05-09 13:15:00,"2018-05-09","13:15:00",13.25,3,"N","F1",652.4,6.4,62.4,38.4,27.6,212.8,15.6,9.2,372.4,280,"Mer","Mag",9,"2018",9,13,15
2018-05-09 13:30:00,"2018-05-09","13:30:00",13.5,3,"N","F1",670,8,60,40,29.6,212.8,14,8.8,373.2,296.8,"Mer","Mag",9,"2018",9,13,30
2018-05-09 13:45:00,"2018-05-09","13:45:00",13.75,3,"N","F1",631.6,8,61.6,39.6,26,196.8,16,9.2,357.2,274.4,"Mer","Mag",9,"2018",9,13,45
2018-05-09 14:00:00,"2018-05-09","14:00:00",14,3,"N","F1",635.2,9.2,62,36.8,21.6,194.4,18.4,10.4,352.8,282.4,"Mer","Mag",9,"2018",9,14,0
2018-05-09 14:15:00,"2018-05-09","14:15:00",14.25,3,"N","F1",646.4,8.8,60.4,40.8,20,201.2,17.2,11.2,359.6,286.8,"Mer","Mag",9,"2018",9,14,15
2018-05-09 14:30:00,"2018-05-09","14:30:00",14.5,3,"N","F1",616,9.2,62,39.6,22.4,166.8,16.8,12.4,329.2,286.8,"Mer","Mag",9,"2018",9,14,30
2018-05-09 14:45:00,"2018-05-09","14:45:00",14.75,3,"N","F1",594.8,8.4,62,39.6,20.8,149.6,16.8,11.6,308.8,286,"Mer","Mag",9,"2018",9,14,45
2018-05-09 15:00:00,"2018-05-09","15:00:00",15,3,"N","F1",557.6,9.2,60.4,36.4,18,128.4,16,10.8,279.2,278.4,"Mer","Mag",9,"2018",9,15,0
2018-05-09 15:15:00,"2018-05-09","15:15:00",15.25,3,"N","F1",546.4,8.4,64,42,16.8,102.8,16,10,260,286.4,"Mer","Mag",9,"2018",9,15,15
2018-05-09 15:30:00,"2018-05-09","15:30:00",15.5,3,"N","F1",551.2,8.4,67.6,39.6,18.4,106.4,15.6,10,266,285.2,"Mer","Mag",9,"2018",9,15,30
2018-05-09 15:45:00,"2018-05-09","15:45:00",15.75,3,"N","F1",496.8,8.4,65.6,37.6,15.2,66.8,15.6,9.6,218.8,278,"Mer","Mag",9,"2018",9,15,45
2018-05-09 16:00:00,"2018-05-09","16:00:00",16,3,"N","F1",532,8.8,94,40.8,15.6,62,14.8,9.6,245.6,286.4,"Mer","Mag",9,"2018",9,16,0
2018-05-09 16:15:00,"2018-05-09","16:15:00",16.25,3,"N","F1",517.2,8.8,84.4,40,16.8,53.6,15.2,11.2,230,287.2,"Mer","Mag",9,"2018",9,16,15
2018-05-09 16:30:00,"2018-05-09","16:30:00",16.5,3,"N","F1",479.6,8,76.4,36.4,16.8,36.4,14.4,12,200.4,279.2,"Mer","Mag",9,"2018",9,16,30
2018-05-09 16:45:00,"2018-05-09","16:45:00",16.75,3,"N","F1",520.4,7.2,78,41.6,18,56.8,15.2,11.6,228.4,292,"Mer","Mag",9,"2018",9,16,45
2018-05-09 17:00:00,"2018-05-09","17:00:00",17,3,"N","F1",487.2,8,78,39.6,14,33.2,14.4,11.6,198.8,288.4,"Mer","Mag",9,"2018",9,17,0
2018-05-09 17:15:00,"2018-05-09","17:15:00",17.25,3,"N","F1",466,8,76,36,14,32.8,14.8,9.2,190.8,275.2,"Mer","Mag",9,"2018",9,17,15
2018-05-09 17:30:00,"2018-05-09","17:30:00",17.5,3,"N","F1",469.2,7.6,66,39.2,14.4,32,14.4,9.6,183.2,286,"Mer","Mag",9,"2018",9,17,30
2018-05-09 17:45:00,"2018-05-09","17:45:00",17.75,3,"N","F1",423.6,7.6,35.2,39.2,11.6,31.2,13.6,11.2,149.6,274,"Mer","Mag",9,"2018",9,17,45
2018-05-09 18:00:00,"2018-05-09","18:00:00",18,3,"N","F1",397.6,7.2,33.6,35.6,9.2,20,14.4,12.8,132.8,264.8,"Mer","Mag",9,"2018",9,18,0
2018-05-09 18:15:00,"2018-05-09","18:15:00",18.25,3,"N","F1",400,7.2,34.4,40,8,23.6,13.2,10.8,137.2,262.8,"Mer","Mag",9,"2018",9,18,15
2018-05-09 18:30:00,"2018-05-09","18:30:00",18.5,3,"N","F1",388.8,6.4,34,40,6.8,22.8,13.2,8.8,132,256.8,"Mer","Mag",9,"2018",9,18,30
2018-05-09 18:45:00,"2018-05-09","18:45:00",18.75,3,"N","F1",364,6.4,33.2,39.2,7.2,17.6,12,2.4,118,246,"Mer","Mag",9,"2018",9,18,45
2018-05-09 19:00:00,"2018-05-09","19:00:00",19,3,"N","F23",365.6,6.4,33.6,38.8,7.6,22,12.4,2,122.8,242.8,"Mer","Mag",9,"2018",9,19,0
2018-05-09 19:15:00,"2018-05-09","19:15:00",19.25,3,"N","F23",328,6,30.8,39.2,6.8,20.8,11.6,1.2,116.4,211.6,"Mer","Mag",9,"2018",9,19,15
2018-05-09 19:30:00,"2018-05-09","19:30:00",19.5,3,"N","F23",282.8,6,28.8,38,7.2,19.2,10.4,0,109.6,173.2,"Mer","Mag",9,"2018",9,19,30
2018-05-09 19:45:00,"2018-05-09","19:45:00",19.75,3,"N","F23",284,5.6,28.8,38,6.8,21.6,10.8,0.4,112,172,"Mer","Mag",9,"2018",9,19,45
2018-05-09 20:00:00,"2018-05-09","20:00:00",20,3,"N","F23",264.4,5.6,28.8,37.6,6.8,20.4,10.4,0.4,110,154.4,"Mer","Mag",9,"2018",9,20,0
2018-05-09 20:15:00,"2018-05-09","20:15:00",20.25,3,"N","F23",228,5.2,22.8,38,7.6,18.8,9.6,0.4,102.4,125.6,"Mer","Mag",9,"2018",9,20,15
2018-05-09 20:30:00,"2018-05-09","20:30:00",20.5,3,"N","F23",204.4,4.8,19.2,39.2,6.8,18,10,0.4,98.4,106,"Mer","Mag",9,"2018",9,20,30
2018-05-09 20:45:00,"2018-05-09","20:45:00",20.75,3,"N","F23",202,4.8,18.4,36.4,6.4,19.6,10.8,0.8,97.2,104.8,"Mer","Mag",9,"2018",9,20,45
2018-05-09 21:00:00,"2018-05-09","21:00:00",21,3,"N","F23",212,4.4,18.8,40,7.2,19.2,10.8,0.4,100.8,111.2,"Mer","Mag",9,"2018",9,21,0
2018-05-09 21:15:00,"2018-05-09","21:15:00",21.25,3,"N","F23",192.8,4,11.6,37.6,7.2,19.2,10.8,0.4,90.8,102,"Mer","Mag",9,"2018",9,21,15
2018-05-09 21:30:00,"2018-05-09","21:30:00",21.5,3,"N","F23",174.8,4,4.8,36.8,6.4,17.6,11.6,0.4,81.6,93.2,"Mer","Mag",9,"2018",9,21,30
2018-05-09 21:45:00,"2018-05-09","21:45:00",21.75,3,"N","F23",176,4,4.4,38,6.4,20.4,10.4,0,83.6,92.4,"Mer","Mag",9,"2018",9,21,45
2018-05-09 22:00:00,"2018-05-09","22:00:00",22,3,"N","F23",170.8,4,4.8,36.4,6.4,19.6,10,0.4,81.6,89.2,"Mer","Mag",9,"2018",9,22,0
2018-05-09 22:15:00,"2018-05-09","22:15:00",22.25,3,"N","F23",166.8,4,3.6,38,6,18.4,10,0.4,80.4,86.4,"Mer","Mag",9,"2018",9,22,15
2018-05-09 22:30:00,"2018-05-09","22:30:00",22.5,3,"N","F23",158.4,4,2.4,36.4,6.8,18.8,10.8,0.4,79.6,78.8,"Mer","Mag",9,"2018",9,22,30
2018-05-09 22:45:00,"2018-05-09","22:45:00",22.75,3,"N","F23",154,4,2.4,37.6,5.6,17.6,10.4,0.4,78,76,"Mer","Mag",9,"2018",9,22,45
2018-05-09 23:00:00,"2018-05-09","23:00:00",23,3,"N","F23",159.6,4,2.4,36.4,6,20,10.4,0.4,79.6,80,"Mer","Mag",9,"2018",9,23,0
2018-05-09 23:15:00,"2018-05-09","23:15:00",23.25,3,"N","F23",151.6,4,2.4,36.8,6.8,18.8,9.6,0.4,78.8,72.8,"Mer","Mag",9,"2018",9,23,15
2018-05-09 23:30:00,"2018-05-09","23:30:00",23.5,3,"N","F23",142.8,4,2.4,36.8,5.6,16.8,10,0.4,76,66.8,"Mer","Mag",9,"2018",9,23,30
2018-05-09 23:45:00,"2018-05-09","23:45:00",23.75,3,"N","F23",142,3.6,2,37.2,6.4,17.2,9.2,0.4,76,66,"Mer","Mag",9,"2018",9,23,45
2018-05-10 00:00:00,"2018-05-10","00:00:00",0,4,"N","F23",146.4,4,2.4,36,6,18.8,9.2,0.4,76.8,69.6,"Gio","Mag",10,"2018",10,0,0
2018-05-10 00:15:00,"2018-05-10","00:15:00",0.25,4,"N","F23",143.6,4,2.4,36.4,6.4,19.2,9.2,0.4,78,65.6,"Gio","Mag",10,"2018",10,0,15
2018-05-10 00:30:00,"2018-05-10","00:30:00",0.5,4,"N","F23",142,4,2.4,37.6,6,16.8,8.8,0,75.6,66.4,"Gio","Mag",10,"2018",10,0,30
2018-05-10 00:45:00,"2018-05-10","00:45:00",0.75,4,"N","F23",135.6,4,2.4,36.4,5.6,17.2,9.2,0.4,75.2,60.4,"Gio","Mag",10,"2018",10,0,45
2018-05-10 01:00:00,"2018-05-10","01:00:00",1,4,"N","F23",138.8,4,2.4,36.4,6.8,19.2,9.2,0.8,78.8,60,"Gio","Mag",10,"2018",10,1,0
2018-05-10 01:15:00,"2018-05-10","01:15:00",1.25,4,"N","F23",134,4,2.4,37.2,6,17.2,9.2,0.4,76.4,57.6,"Gio","Mag",10,"2018",10,1,15
2018-05-10 01:30:00,"2018-05-10","01:30:00",1.5,4,"N","F23",133.2,4,2,36.8,6,17.2,9.2,0.4,75.6,57.6,"Gio","Mag",10,"2018",10,1,30
2018-05-10 01:45:00,"2018-05-10","01:45:00",1.75,4,"N","F23",132.8,4,2.4,35.2,5.6,16.4,9.2,0,72.8,60,"Gio","Mag",10,"2018",10,1,45
2018-05-10 02:00:00,"2018-05-10","02:00:00",2,4,"N","F23",128,4,2.4,37.6,6,17.2,8.8,0.4,76.4,51.6,"Gio","Mag",10,"2018",10,2,0
2018-05-10 02:15:00,"2018-05-10","02:15:00",2.25,4,"N","F23",139.2,3.6,2.4,37.6,6,20.4,9.2,0.4,79.6,59.6,"Gio","Mag",10,"2018",10,2,15
2018-05-10 02:30:00,"2018-05-10","02:30:00",2.5,4,"N","F23",128.4,4,2.4,35.2,5.6,16.8,8.8,0.4,73.2,55.2,"Gio","Mag",10,"2018",10,2,30
2018-05-10 02:45:00,"2018-05-10","02:45:00",2.75,4,"N","F23",137.2,4,2.4,37.6,6.4,17.2,8.8,0.4,76.8,60.4,"Gio","Mag",10,"2018",10,2,45
2018-05-10 03:00:00,"2018-05-10","03:00:00",3,4,"N","F23",132.8,4,2.4,38,6,18,9.2,0.4,78,54.8,"Gio","Mag",10,"2018",10,3,0
2018-05-10 03:15:00,"2018-05-10","03:15:00",3.25,4,"N","F23",127.2,4,2,35.2,6,17.2,8.8,0.4,73.6,53.6,"Gio","Mag",10,"2018",10,3,15
2018-05-10 03:30:00,"2018-05-10","03:30:00",3.5,4,"N","F23",132.8,4,2.4,37.6,6,16.4,8.8,0.4,75.6,57.2,"Gio","Mag",10,"2018",10,3,30
2018-05-10 03:45:00,"2018-05-10","03:45:00",3.75,4,"N","F23",132,4,2.4,38,6,18,9.2,0.4,78,54,"Gio","Mag",10,"2018",10,3,45
2018-05-10 04:00:00,"2018-05-10","04:00:00",4,4,"N","F23",123.2,4,2.4,35.6,6,17.6,8.8,0.4,74.8,48.4,"Gio","Mag",10,"2018",10,4,0
2018-05-10 04:15:00,"2018-05-10","04:15:00",4.25,4,"N","F23",131.2,4,2.4,37.2,6,16,8.8,0,74.4,56.8,"Gio","Mag",10,"2018",10,4,15
2018-05-10 04:30:00,"2018-05-10","04:30:00",4.5,4,"N","F23",136,4,2.4,38,6,18.4,8.8,0.4,78,58,"Gio","Mag",10,"2018",10,4,30
2018-05-10 04:45:00,"2018-05-10","04:45:00",4.75,4,"N","F23",132.8,3.6,2.4,35.6,8,20.4,8.8,0.4,79.2,53.6,"Gio","Mag",10,"2018",10,4,45
2018-05-10 05:00:00,"2018-05-10","05:00:00",5,4,"N","F23",135.6,4,2.4,36.4,8.4,20,8.8,0.8,80.8,54.8,"Gio","Mag",10,"2018",10,5,0
2018-05-10 05:15:00,"2018-05-10","05:15:00",5.25,4,"N","F23",141.6,4,2.4,38.4,8.4,17.2,9.2,0,79.6,62,"Gio","Mag",10,"2018",10,5,15
2018-05-10 05:30:00,"2018-05-10","05:30:00",5.5,4,"N","F23",143.6,4,2,35.2,7.2,17.2,8.8,0.4,74.8,68.8,"Gio","Mag",10,"2018",10,5,30
2018-05-10 05:45:00,"2018-05-10","05:45:00",5.75,4,"N","F23",150.8,4,2.4,36.4,8.4,16.8,9.6,0.4,78,72.8,"Gio","Mag",10,"2018",10,5,45
2018-05-10 06:00:00,"2018-05-10","06:00:00",6,4,"N","F23",152,4,2.4,38.4,8.8,20.8,9.2,0.4,84,68,"Gio","Mag",10,"2018",10,6,0
2018-05-10 06:15:00,"2018-05-10","06:15:00",6.25,4,"N","F23",158,4,2.4,35.6,8.8,28.4,8.8,0.4,88.4,69.6,"Gio","Mag",10,"2018",10,6,15
2018-05-10 06:30:00,"2018-05-10","06:30:00",6.5,4,"N","F23",299.2,4,2.4,36.4,9.2,132.8,9.2,0.4,194.4,104.8,"Gio","Mag",10,"2018",10,6,30
2018-05-10 06:45:00,"2018-05-10","06:45:00",6.75,4,"N","F23",296.4,4.4,2.4,36,16,117.6,9.6,0,186,110.4,"Gio","Mag",10,"2018",10,6,45
2018-05-10 07:00:00,"2018-05-10","07:00:00",7,4,"N","F23",288.8,4,6.8,37.6,18.8,102.4,8.4,0.8,178.8,110,"Gio","Mag",10,"2018",10,7,0
2018-05-10 07:15:00,"2018-05-10","07:15:00",7.25,4,"N","F23",333.6,4,12.4,36,19.2,103.6,8.8,1.2,185.2,148.4,"Gio","Mag",10,"2018",10,7,15
2018-05-10 07:30:00,"2018-05-10","07:30:00",7.5,4,"N","F23",349.6,4,13.2,36.4,14.8,106,8.8,2,185.2,164.4,"Gio","Mag",10,"2018",10,7,30
2018-05-10 07:45:00,"2018-05-10","07:45:00",7.75,4,"N","F23",392,4,13.2,37.6,17.2,140,8.4,1.6,222,170,"Gio","Mag",10,"2018",10,7,45
2018-05-10 08:00:00,"2018-05-10","08:00:00",8,4,"N","F1",430.8,4,13.6,36.4,16,170.4,10,2,252.4,178.4,"Gio","Mag",10,"2018",10,8,0
2018-05-10 08:15:00,"2018-05-10","08:15:00",8.25,4,"N","F1",455.6,4.4,13.2,37.6,16.8,173.2,10,8.8,264,191.6,"Gio","Mag",10,"2018",10,8,15
2018-05-10 08:30:00,"2018-05-10","08:30:00",8.5,4,"N","F1",464,4.8,13.2,36.4,26.8,166.8,10.4,8.8,267.2,196.8,"Gio","Mag",10,"2018",10,8,30
2018-05-10 08:45:00,"2018-05-10","08:45:00",8.75,4,"N","F1",501.6,5.6,13.6,38.4,31.2,172.8,10.8,10,282.4,219.2,"Gio","Mag",10,"2018",10,8,45
2018-05-10 09:00:00,"2018-05-10","09:00:00",9,4,"N","F1",490.8,6.4,13.2,36,26.8,147.6,12,9.2,251.2,239.6,"Gio","Mag",10,"2018",10,9,0
2018-05-10 09:15:00,"2018-05-10","09:15:00",9.25,4,"N","F1",457.2,6,7.2,36.8,20,141.6,12,8.8,232.4,224.8,"Gio","Mag",10,"2018",10,9,15
2018-05-10 09:30:00,"2018-05-10","09:30:00",9.5,4,"N","F1",466.8,6,4.4,39.2,19.6,143.2,12.8,9.6,234.8,232,"Gio","Mag",10,"2018",10,9,30
2018-05-10 09:45:00,"2018-05-10","09:45:00",9.75,4,"N","F1",466.8,6,4,36,22.4,153.6,13.2,10,245.2,221.6,"Gio","Mag",10,"2018",10,9,45
2018-05-10 10:00:00,"2018-05-10","10:00:00",10,4,"N","F1",483.2,6.8,4,39.2,25.2,149.6,13.2,10,248,235.2,"Gio","Mag",10,"2018",10,10,0
2018-05-10 10:15:00,"2018-05-10","10:15:00",10.25,4,"N","F1",498.4,6.8,4,37.2,27.6,156,14,9.6,255.2,243.2,"Gio","Mag",10,"2018",10,10,15
2018-05-10 10:30:00,"2018-05-10","10:30:00",10.5,4,"N","F1",476.4,6.8,4.8,38.4,32.4,131.6,14.8,10.4,239.2,237.2,"Gio","Mag",10,"2018",10,10,30
2018-05-10 10:45:00,"2018-05-10","10:45:00",10.75,4,"N","F1",517.2,7.2,5.2,37.6,27.6,160.8,13.6,11.2,263.2,254,"Gio","Mag",10,"2018",10,10,45
2018-05-10 11:00:00,"2018-05-10","11:00:00",11,4,"N","F1",502,6.8,6,42.4,23.2,142.4,13.6,9.6,244,258,"Gio","Mag",10,"2018",10,11,0
2018-05-10 11:15:00,"2018-05-10","11:15:00",11.25,4,"N","F1",481.2,6.4,6.4,38.8,22.8,132,13.2,9.6,229.2,252,"Gio","Mag",10,"2018",10,11,15
2018-05-10 11:30:00,"2018-05-10","11:30:00",11.5,4,"N","F1",506.4,6.8,16.4,39.2,20.4,138,14,11.6,246.4,260,"Gio","Mag",10,"2018",10,11,30
2018-05-10 11:45:00,"2018-05-10","11:45:00",11.75,4,"N","F1",557.6,6.4,25.2,40.8,27.2,162.8,14,9.6,286,271.6,"Gio","Mag",10,"2018",10,11,45
2018-05-10 12:00:00,"2018-05-10","12:00:00",12,4,"N","F1",572,6.4,40.4,36.8,21.6,176.4,14.4,10.4,306.4,265.6,"Gio","Mag",10,"2018",10,12,0
2018-05-10 12:15:00,"2018-05-10","12:15:00",12.25,4,"N","F1",646.4,6.4,110,40.8,23.2,174,14.4,9.2,378,268.4,"Gio","Mag",10,"2018",10,12,15
2018-05-10 12:30:00,"2018-05-10","12:30:00",12.5,4,"N","F1",676.8,6.8,124.8,40.8,23.2,190.8,14.4,8.4,409.2,267.6,"Gio","Mag",10,"2018",10,12,30
2018-05-10 12:45:00,"2018-05-10","12:45:00",12.75,4,"N","F1",653.6,6.4,121.2,36.4,27.6,179.6,14,9.6,394.8,258.8,"Gio","Mag",10,"2018",10,12,45
2018-05-10 13:00:00,"2018-05-10","13:00:00",13,4,"N","F1",644.8,6,88.4,42.4,24.8,192,14.4,9.2,377.2,267.6,"Gio","Mag",10,"2018",10,13,0
2018-05-10 13:15:00,"2018-05-10","13:15:00",13.25,4,"N","F1",633.2,6.4,80,40,28.4,188,13.6,9.6,366,267.2,"Gio","Mag",10,"2018",10,13,15
2018-05-10 13:30:00,"2018-05-10","13:30:00",13.5,4,"N","F1",632,6.4,72.8,38.4,28.4,200.4,13.6,8.8,368.8,263.2,"Gio","Mag",10,"2018",10,13,30
2018-05-10 13:45:00,"2018-05-10","13:45:00",13.75,4,"N","F1",650,6,73.2,40,24.8,208,14,8.8,374.8,275.2,"Gio","Mag",10,"2018",10,13,45
2018-05-10 14:00:00,"2018-05-10","14:00:00",14,4,"N","F1",620,6,72.8,39.2,23.6,187.6,13.6,10,352.8,267.2,"Gio","Mag",10,"2018",10,14,0
2018-05-10 14:15:00,"2018-05-10","14:15:00",14.25,4,"N","F1",592,6,70.4,39.2,21.2,164,13.6,10.8,325.2,266.8,"Gio","Mag",10,"2018",10,14,15
2018-05-10 14:30:00,"2018-05-10","14:30:00",14.5,4,"N","F1",577.6,6,63.2,39.6,21.6,148.4,15.2,10,304,273.6,"Gio","Mag",10,"2018",10,14,30
2018-05-10 14:45:00,"2018-05-10","14:45:00",14.75,4,"N","F1",555.6,6,50,38.4,24.8,137.2,14.8,12,283.2,272.4,"Gio","Mag",10,"2018",10,14,45
2018-05-10 15:00:00,"2018-05-10","15:00:00",15,4,"N","F1",557.6,5.6,67.6,39.2,16.4,137.6,14.4,10.8,291.6,266,"Gio","Mag",10,"2018",10,15,0
2018-05-10 15:15:00,"2018-05-10","15:15:00",15.25,4,"N","F1",550.8,5.6,68,40,17.6,123.6,13.6,10,278.4,272.4,"Gio","Mag",10,"2018",10,15,15
2018-05-10 15:30:00,"2018-05-10","15:30:00",15.5,4,"N","F1",521.2,5.6,66.4,36.8,18.8,105.2,14.4,10,257.2,264,"Gio","Mag",10,"2018",10,15,30
2018-05-10 15:45:00,"2018-05-10","15:45:00",15.75,4,"N","F1",526.4,6,86.8,41.2,16.8,77.6,14,8.8,251.2,275.2,"Gio","Mag",10,"2018",10,15,45
2018-05-10 16:00:00,"2018-05-10","16:00:00",16,4,"N","F1",502,6.8,79.2,38,16.8,64,13.2,9.2,227.2,274.8,"Gio","Mag",10,"2018",10,16,0
2018-05-10 16:15:00,"2018-05-10","16:15:00",16.25,4,"N","F1",481.2,5.6,76,40,14.4,47.6,13.6,9.6,206.8,274.4,"Gio","Mag",10,"2018",10,16,15
2018-05-10 16:30:00,"2018-05-10","16:30:00",16.5,4,"N","F1",499.6,5.6,76.4,40,16.8,56,13.6,10.8,219.2,280.4,"Gio","Mag",10,"2018",10,16,30
2018-05-10 16:45:00,"2018-05-10","16:45:00",16.75,4,"N","F1",472,6,76.4,39.2,16.4,33.2,14,9.6,194.8,277.2,"Gio","Mag",10,"2018",10,16,45
2018-05-10 17:00:00,"2018-05-10","17:00:00",17,4,"N","F1",449.2,5.6,75.2,38.8,14,24.4,13.2,9.2,180.4,268.8,"Gio","Mag",10,"2018",10,17,0
2018-05-10 17:15:00,"2018-05-10","17:15:00",17.25,4,"N","F1",460.4,5.2,77.6,39.2,14.4,27.2,13.6,11.2,188.4,272,"Gio","Mag",10,"2018",10,17,15
2018-05-10 17:30:00,"2018-05-10","17:30:00",17.5,4,"N","F1",446,5.2,77.2,39.6,11.6,20.4,14,10,178,268,"Gio","Mag",10,"2018",10,17,30
2018-05-10 17:45:00,"2018-05-10","17:45:00",17.75,4,"N","F1",432,5.2,74.8,38.4,15.6,17.6,13.6,9.2,174.4,257.6,"Gio","Mag",10,"2018",10,17,45
2018-05-10 18:00:00,"2018-05-10","18:00:00",18,4,"N","F1",432.8,4.8,76,39.6,13.6,18,14.4,10.8,177.2,255.6,"Gio","Mag",10,"2018",10,18,0
2018-05-10 18:15:00,"2018-05-10","18:15:00",18.25,4,"N","F1",423.2,4.8,76.4,37.2,9.6,20.4,13.6,9.6,171.6,251.6,"Gio","Mag",10,"2018",10,18,15
2018-05-10 18:30:00,"2018-05-10","18:30:00",18.5,4,"N","F1",406.8,4.8,74,40.4,8,20.4,12,8,167.6,239.2,"Gio","Mag",10,"2018",10,18,30
2018-05-10 18:45:00,"2018-05-10","18:45:00",18.75,4,"N","F1",396,4.8,74.4,37.2,6.8,18,12.8,2.4,156.4,239.6,"Gio","Mag",10,"2018",10,18,45
2018-05-10 19:00:00,"2018-05-10","19:00:00",19,4,"N","F23",396.8,4.8,73.2,41.2,7.6,18.4,12,2.4,159.6,237.2,"Gio","Mag",10,"2018",10,19,0
2018-05-10 19:15:00,"2018-05-10","19:15:00",19.25,4,"N","F23",336.4,4.8,58,38.4,6.8,21.2,10.8,1.2,141.2,195.2,"Gio","Mag",10,"2018",10,19,15
2018-05-10 19:30:00,"2018-05-10","19:30:00",19.5,4,"N","F23",277.2,5.2,35.2,38,6.8,19.2,11.2,0.4,116,161.2,"Gio","Mag",10,"2018",10,19,30
2018-05-10 19:45:00,"2018-05-10","19:45:00",19.75,4,"N","F23",287.2,4.8,49.2,40.4,6.8,23.2,11.2,0.4,136,151.2,"Gio","Mag",10,"2018",10,19,45
2018-05-10 20:00:00,"2018-05-10","20:00:00",20,4,"N","F23",243.6,4.8,27.6,38.4,7.2,22.8,10,0.4,111.2,132.4,"Gio","Mag",10,"2018",10,20,0
2018-05-10 20:15:00,"2018-05-10","20:15:00",20.25,4,"N","F23",196.4,4.8,16.4,36.8,7.2,18.4,9.6,0.4,93.6,102.8,"Gio","Mag",10,"2018",10,20,15
2018-05-10 20:30:00,"2018-05-10","20:30:00",20.5,4,"N","F23",178.8,4.8,16.8,39.2,6.4,18,9.6,0.4,95.2,83.6,"Gio","Mag",10,"2018",10,20,30
2018-05-10 20:45:00,"2018-05-10","20:45:00",20.75,4,"N","F23",179.6,4.4,16.4,38.4,6,17.6,10,0.4,93.2,86.4,"Gio","Mag",10,"2018",10,20,45
2018-05-10 21:00:00,"2018-05-10","21:00:00",21,4,"N","F23",193.2,4.4,16.4,39.2,7.2,20,12.4,0.8,100.4,92.8,"Gio","Mag",10,"2018",10,21,0
2018-05-10 21:15:00,"2018-05-10","21:15:00",21.25,4,"N","F23",178.8,4,9.2,36.4,6.4,19.2,11.2,0.4,86.8,92,"Gio","Mag",10,"2018",10,21,15
2018-05-10 21:30:00,"2018-05-10","21:30:00",21.5,4,"N","F23",164,3.6,2.4,38.8,6.4,18,11.2,0.4,80.8,83.2,"Gio","Mag",10,"2018",10,21,30
2018-05-10 21:45:00,"2018-05-10","21:45:00",21.75,4,"N","F23",164,4,2.4,41.2,6.4,16.8,10.4,0.4,81.6,82.4,"Gio","Mag",10,"2018",10,21,45
2018-05-10 22:00:00,"2018-05-10","22:00:00",22,4,"N","F23",156.8,4,2.4,38.4,6,16,10,0.4,77.2,79.6,"Gio","Mag",10,"2018",10,22,0
2018-05-10 22:15:00,"2018-05-10","22:15:00",22.25,4,"N","F23",158,4,2.4,38.8,7.2,18,9.6,0.4,80.4,77.6,"Gio","Mag",10,"2018",10,22,15
2018-05-10 22:30:00,"2018-05-10","22:30:00",22.5,4,"N","F23",157.2,4,2.8,37.6,5.6,20.4,10,0.4,80.8,76.4,"Gio","Mag",10,"2018",10,22,30
2018-05-10 22:45:00,"2018-05-10","22:45:00",22.75,4,"N","F23",150,3.6,2.4,37.6,6.4,16.4,10,0.4,76.8,73.2,"Gio","Mag",10,"2018",10,22,45
2018-05-10 23:00:00,"2018-05-10","23:00:00",23,4,"N","F23",158,3.6,2.4,40.4,6.8,17.6,10,0.8,81.6,76.4,"Gio","Mag",10,"2018",10,23,0
2018-05-10 23:15:00,"2018-05-10","23:15:00",23.25,4,"N","F23",147.2,4,2.4,40,5.2,17.2,10,0.4,79.2,68,"Gio","Mag",10,"2018",10,23,15
2018-05-10 23:30:00,"2018-05-10","23:30:00",23.5,4,"N","F23",145.6,4,2.4,38.8,6.4,18,8.8,0.4,78.8,66.8,"Gio","Mag",10,"2018",10,23,30
2018-05-10 23:45:00,"2018-05-10","23:45:00",23.75,4,"N","F23",148,4,2.4,38.8,6.4,21.2,8.8,0.4,82,66,"Gio","Mag",10,"2018",10,23,45
2018-05-11 00:00:00,"2018-05-11","00:00:00",0,5,"N","F23",142.8,4,2.4,36.8,6.8,18,8.8,0.4,77.2,65.6,"Ven","Mag",11,"2018",11,0,0
2018-05-11 00:15:00,"2018-05-11","00:15:00",0.25,5,"N","F23",137.6,3.6,2.4,37.2,6.4,15.2,8.8,0.4,74,63.6,"Ven","Mag",11,"2018",11,0,15
2018-05-11 00:30:00,"2018-05-11","00:30:00",0.5,5,"N","F23",139.6,4,2.4,38.4,6,17.6,8.8,0.4,77.6,62,"Ven","Mag",11,"2018",11,0,30
2018-05-11 00:45:00,"2018-05-11","00:45:00",0.75,5,"N","F23",141.2,4,2.4,38.4,6.4,19.2,9.2,0.4,80,61.2,"Ven","Mag",11,"2018",11,0,45
2018-05-11 01:00:00,"2018-05-11","01:00:00",1,5,"N","F23",134.8,3.6,2.4,37.6,5.6,17.6,8.8,0.4,76,58.8,"Ven","Mag",11,"2018",11,1,0
2018-05-11 01:15:00,"2018-05-11","01:15:00",1.25,5,"N","F23",132,4,2.4,36.4,6.4,17.2,8.8,0.4,75.6,56.4,"Ven","Mag",11,"2018",11,1,15
2018-05-11 01:30:00,"2018-05-11","01:30:00",1.5,5,"N","F23",135.2,4,2.4,38.8,6.4,16.8,9.6,0.4,78.4,56.8,"Ven","Mag",11,"2018",11,1,30
2018-05-11 01:45:00,"2018-05-11","01:45:00",1.75,5,"N","F23",128,3.6,2.4,38,5.2,16,8.8,0.4,74.4,53.6,"Ven","Mag",11,"2018",11,1,45
2018-05-11 02:00:00,"2018-05-11","02:00:00",2,5,"N","F23",131.2,3.6,2.4,36.8,6.4,16.4,8.8,0.4,74.8,56.4,"Ven","Mag",11,"2018",11,2,0
2018-05-11 02:15:00,"2018-05-11","02:15:00",2.25,5,"N","F23",134.8,4,2.4,38.4,5.6,18.4,8.8,0.4,78,56.8,"Ven","Mag",11,"2018",11,2,15
2018-05-11 02:30:00,"2018-05-11","02:30:00",2.5,5,"N","F23",132.4,3.6,2.4,36,6.8,17.2,8.8,0.4,75.2,57.2,"Ven","Mag",11,"2018",11,2,30
2018-05-11 02:45:00,"2018-05-11","02:45:00",2.75,5,"N","F23",134,4,2.4,36.8,6.4,16.4,8.8,0.4,75.2,58.8,"Ven","Mag",11,"2018",11,2,45
2018-05-11 03:00:00,"2018-05-11","03:00:00",3,5,"N","F23",130.4,4,2.4,38.4,5.6,16.8,8.8,0.4,76.4,54,"Ven","Mag",11,"2018",11,3,0
2018-05-11 03:15:00,"2018-05-11","03:15:00",3.25,5,"N","F23",132,3.6,2.4,38.4,6,15.6,8.8,0.8,75.6,56.4,"Ven","Mag",11,"2018",11,3,15
2018-05-11 03:30:00,"2018-05-11","03:30:00",3.5,5,"N","F23",135.6,3.6,2.4,36.4,6,19.6,8.8,0.4,77.2,58.4,"Ven","Mag",11,"2018",11,3,30
2018-05-11 03:45:00,"2018-05-11","03:45:00",3.75,5,"N","F23",136.8,4,2.4,38.4,6.4,18,8.8,0.4,78.4,58.4,"Ven","Mag",11,"2018",11,3,45
2018-05-11 04:00:00,"2018-05-11","04:00:00",4,5,"N","F23",129.2,4,2.4,37.6,5.6,16.4,8.8,0.4,75.2,54,"Ven","Mag",11,"2018",11,4,0
2018-05-11 04:15:00,"2018-05-11","04:15:00",4.25,5,"N","F23",126.8,3.6,2.4,37.2,6.4,16.8,8.8,0.4,75.6,51.2,"Ven","Mag",11,"2018",11,4,15
2018-05-11 04:30:00,"2018-05-11","04:30:00",4.5,5,"N","F23",126.4,4,2.4,36,6.4,16.4,9.6,0.4,75.2,51.2,"Ven","Mag",11,"2018",11,4,30
2018-05-11 04:45:00,"2018-05-11","04:45:00",4.75,5,"N","F23",139.2,4,2.4,38.8,8.4,18,8.4,0.4,80.4,58.8,"Ven","Mag",11,"2018",11,4,45
2018-05-11 05:00:00,"2018-05-11","05:00:00",5,5,"N","F23",136,3.6,2.4,36.8,9.2,18.8,9.2,0.4,80.4,55.6,"Ven","Mag",11,"2018",11,5,0
2018-05-11 05:15:00,"2018-05-11","05:15:00",5.25,5,"N","F23",138.8,4,2.4,36,8,17.6,8.8,0.4,77.2,61.6,"Ven","Mag",11,"2018",11,5,15
2018-05-11 05:30:00,"2018-05-11","05:30:00",5.5,5,"N","F23",142,3.6,2.4,38.4,8,16.8,8.4,0.4,78,64,"Ven","Mag",11,"2018",11,5,30
2018-05-11 05:45:00,"2018-05-11","05:45:00",5.75,5,"N","F23",152.4,4,2.8,36.8,9.6,18.8,9.6,0.4,82,70.4,"Ven","Mag",11,"2018",11,5,45
2018-05-11 06:00:00,"2018-05-11","06:00:00",6,5,"N","F23",152,3.6,2,36.4,8.8,18.4,9.2,0.4,78.8,73.2,"Ven","Mag",11,"2018",11,6,0
2018-05-11 06:15:00,"2018-05-11","06:15:00",6.25,5,"N","F23",183.6,4,3.6,37.6,8.8,27.2,8.8,0.4,90.4,93.2,"Ven","Mag",11,"2018",11,6,15
2018-05-11 06:30:00,"2018-05-11","06:30:00",6.5,5,"N","F23",276.8,4.4,4.4,36.4,11.2,98.8,9.2,0.4,164.8,112,"Ven","Mag",11,"2018",11,6,30
2018-05-11 06:45:00,"2018-05-11","06:45:00",6.75,5,"N","F23",306,4.4,12,37.2,17.2,118,8.8,0.4,198,108,"Ven","Mag",11,"2018",11,6,45
2018-05-11 07:00:00,"2018-05-11","07:00:00",7,5,"N","F23",320,5.2,19.2,37.2,20.4,110.4,9.6,0.8,202.8,117.2,"Ven","Mag",11,"2018",11,7,0
2018-05-11 07:15:00,"2018-05-11","07:15:00",7.25,5,"N","F23",345.2,4.8,20.8,36.4,18.4,101.6,8.8,1.2,192,153.2,"Ven","Mag",11,"2018",11,7,15
2018-05-11 07:30:00,"2018-05-11","07:30:00",7.5,5,"N","F23",381.6,4.8,22.4,38,13.6,122.8,8.8,2,212.4,169.2,"Ven","Mag",11,"2018",11,7,30
2018-05-11 07:45:00,"2018-05-11","07:45:00",7.75,5,"N","F23",418.4,4.8,23.6,36.8,17.2,142.4,9.6,2,236.4,182,"Ven","Mag",11,"2018",11,7,45
2018-05-11 08:00:00,"2018-05-11","08:00:00",8,5,"N","F1",459.6,4.8,24.4,36.8,16,180.8,10,2,274.8,184.8,"Ven","Mag",11,"2018",11,8,0
2018-05-11 08:15:00,"2018-05-11","08:15:00",8.25,5,"N","F1",488,5.2,23.6,38,15.2,195.6,10,6.8,294.4,193.6,"Ven","Mag",11,"2018",11,8,15
2018-05-11 08:30:00,"2018-05-11","08:30:00",8.5,5,"N","F1",523.2,4.8,24,36.8,27.6,196,10.8,9.6,309.6,213.6,"Ven","Mag",11,"2018",11,8,30
2018-05-11 08:45:00,"2018-05-11","08:45:00",8.75,5,"N","F1",534,5.2,24.4,39.2,28.4,187.6,12,11.2,308,226,"Ven","Mag",11,"2018",11,8,45
2018-05-11 09:00:00,"2018-05-11","09:00:00",9,5,"N","F1",528.4,5.2,23.2,38,23.6,179.6,12.8,10.4,292.8,235.6,"Ven","Mag",11,"2018",11,9,0
2018-05-11 09:15:00,"2018-05-11","09:15:00",9.25,5,"N","F1",501.2,5.2,34.8,37.2,19.6,140.8,13.2,9.6,260.4,240.8,"Ven","Mag",11,"2018",11,9,15
2018-05-11 09:30:00,"2018-05-11","09:30:00",9.5,5,"N","F1",563.2,6,80,39.6,20.8,150.8,14.8,10,322,241.2,"Ven","Mag",11,"2018",11,9,30
2018-05-11 09:45:00,"2018-05-11","09:45:00",9.75,5,"N","F1",563.6,6,105.2,36,20.8,138.8,14.8,10,331.6,232,"Ven","Mag",11,"2018",11,9,45
2018-05-11 10:00:00,"2018-05-11","10:00:00",10,5,"N","F1",633.6,6.4,113.6,40.4,27.6,175.6,16,10,389.6,244,"Ven","Mag",11,"2018",11,10,0
2018-05-11 10:15:00,"2018-05-11","10:15:00",10.25,5,"N","F1",592,6,88.8,40.8,26,154,16,10,341.6,250.4,"Ven","Mag",11,"2018",11,10,15
2018-05-11 10:30:00,"2018-05-11","10:30:00",10.5,5,"N","F1",550,6,60.4,38.8,31.6,135.2,16,10,298,252,"Ven","Mag",11,"2018",11,10,30
2018-05-11 10:45:00,"2018-05-11","10:45:00",10.75,5,"N","F1",564.8,6.4,52.8,37.6,29.2,153.6,15.2,10.4,305.2,259.6,"Ven","Mag",11,"2018",11,10,45
2018-05-11 11:00:00,"2018-05-11","11:00:00",11,5,"N","F1",553.6,6.4,33.6,42.4,22.8,161.2,16.4,9.6,292.4,261.2,"Ven","Mag",11,"2018",11,11,0
2018-05-11 11:15:00,"2018-05-11","11:15:00",11.25,5,"N","F1",538,6.8,47.2,38.4,24.4,148.4,15.6,9.6,290.4,247.6,"Ven","Mag",11,"2018",11,11,15
2018-05-11 11:30:00,"2018-05-11","11:30:00",11.5,5,"N","F1",610.4,7.2,56.4,40.8,23.2,185.2,16,10.8,339.6,270.8,"Ven","Mag",11,"2018",11,11,30
2018-05-11 11:45:00,"2018-05-11","11:45:00",11.75,5,"N","F1",580.8,6.8,50.8,36.4,24.4,167.2,16,10.4,312,268.8,"Ven","Mag",11,"2018",11,11,45
2018-05-11 12:00:00,"2018-05-11","12:00:00",12,5,"N","F1",588.4,7.2,43.6,42.4,25.2,166.4,16,9.6,310.4,278,"Ven","Mag",11,"2018",11,12,0
2018-05-11 12:15:00,"2018-05-11","12:15:00",12.25,5,"N","F1",581.2,6.8,35.2,39.6,24,176.4,16.4,11.6,310,271.2,"Ven","Mag",11,"2018",11,12,15
2018-05-11 12:30:00,"2018-05-11","12:30:00",12.5,5,"N","F1",575.2,7.6,54.8,38.8,19.2,172.8,16,10.8,320,255.2,"Ven","Mag",11,"2018",11,12,30
2018-05-11 12:45:00,"2018-05-11","12:45:00",12.75,5,"N","F1",616.4,7.2,85.2,40,22.8,167.6,16,11.2,350,266.4,"Ven","Mag",11,"2018",11,12,45
2018-05-11 13:00:00,"2018-05-11","13:00:00",13,5,"N","F1",589.2,7.2,43.2,39.2,27.6,174.4,16.8,11.6,320,269.2,"Ven","Mag",11,"2018",11,13,0
2018-05-11 13:15:00,"2018-05-11","13:15:00",13.25,5,"N","F1",562,6.8,30.8,36.8,31.6,166.8,15.6,10.4,298.8,263.2,"Ven","Mag",11,"2018",11,13,15
2018-05-11 13:30:00,"2018-05-11","13:30:00",13.5,5,"N","F1",602,7.2,45.2,42,27.6,188.8,15.6,10.8,337.2,264.8,"Ven","Mag",11,"2018",11,13,30
2018-05-11 13:45:00,"2018-05-11","13:45:00",13.75,5,"N","F1",576.4,6,43.2,39.6,26,170.8,16,10.4,312,264.4,"Ven","Mag",11,"2018",11,13,45
2018-05-11 14:00:00,"2018-05-11","14:00:00",14,5,"N","F1",569.2,6.4,51.6,39.2,26.4,165.6,15.6,10,314.8,254.4,"Ven","Mag",11,"2018",11,14,0
2018-05-11 14:15:00,"2018-05-11","14:15:00",14.25,5,"N","F1",557.2,6,44.4,37.6,21.6,161.2,16,10.4,297.2,260,"Ven","Mag",11,"2018",11,14,15
2018-05-11 14:30:00,"2018-05-11","14:30:00",14.5,5,"N","F1",565.2,6.4,44.4,42.4,21.2,163.2,16.4,10.8,304.8,260.4,"Ven","Mag",11,"2018",11,14,30
2018-05-11 14:45:00,"2018-05-11","14:45:00",14.75,5,"N","F1",549.6,6,45.2,38.4,20.4,154,15.6,10,289.6,260,"Ven","Mag",11,"2018",11,14,45
2018-05-11 15:00:00,"2018-05-11","15:00:00",15,5,"N","F1",567.2,6.4,49.6,40.8,19.6,157.6,14.8,9.6,298.4,268.8,"Ven","Mag",11,"2018",11,15,0
2018-05-11 15:15:00,"2018-05-11","15:15:00",15.25,5,"N","F1",508,6.4,52.4,38,16,106,16,9.6,244.4,263.6,"Ven","Mag",11,"2018",11,15,15
2018-05-11 15:30:00,"2018-05-11","15:30:00",15.5,5,"N","F1",503.2,7.2,45.2,40.8,19.2,109.6,16.4,9.2,247.6,255.6,"Ven","Mag",11,"2018",11,15,30
2018-05-11 15:45:00,"2018-05-11","15:45:00",15.75,5,"N","F1",480.8,7.2,44,38.4,17.2,86.4,16,10.8,220,260.8,"Ven","Mag",11,"2018",11,15,45
2018-05-11 16:00:00,"2018-05-11","16:00:00",16,5,"N","F1",468,7.2,44.4,41.2,16.4,70.4,16,12,207.6,260.4,"Ven","Mag",11,"2018",11,16,0
2018-05-11 16:15:00,"2018-05-11","16:15:00",16.25,5,"N","F1",457.2,6,49.2,39.2,17.6,65.6,14.4,10.8,202.8,254.4,"Ven","Mag",11,"2018",11,16,15
2018-05-11 16:30:00,"2018-05-11","16:30:00",16.5,5,"N","F1",448.8,6.8,66.4,39.6,15.2,34.4,15.6,9.6,187.6,261.2,"Ven","Mag",11,"2018",11,16,30
2018-05-11 16:45:00,"2018-05-11","16:45:00",16.75,5,"N","F1",439.6,6.4,63.6,40.4,16.8,32.8,14.4,10.8,185.2,254.4,"Ven","Mag",11,"2018",11,16,45
2018-05-11 17:00:00,"2018-05-11","17:00:00",17,5,"N","F1",413.6,6.4,59.6,38.4,16,27.6,14,9.6,171.6,242,"Ven","Mag",11,"2018",11,17,0
2018-05-11 17:15:00,"2018-05-11","17:15:00",17.25,5,"N","F1",398,6.8,46.8,40.4,12.8,24,14.4,9.6,154.8,243.2,"Ven","Mag",11,"2018",11,17,15
2018-05-11 17:30:00,"2018-05-11","17:30:00",17.5,5,"N","F1",410,6.4,55.2,39.6,14.8,24.4,14.4,9.2,164,246,"Ven","Mag",11,"2018",11,17,30
2018-05-11 17:45:00,"2018-05-11","17:45:00",17.75,5,"N","F1",388,4.4,54,39.2,14,22.4,13.2,11.6,158.8,229.2,"Ven","Mag",11,"2018",11,17,45
2018-05-11 18:00:00,"2018-05-11","18:00:00",18,5,"N","F1",384,4.8,53.2,38.8,9.6,20,13.2,10.8,150.4,233.6,"Ven","Mag",11,"2018",11,18,0
2018-05-11 18:15:00,"2018-05-11","18:15:00",18.25,5,"N","F1",376,4.8,49.2,39.6,8.4,22.4,12.4,10,146.8,229.2,"Ven","Mag",11,"2018",11,18,15
2018-05-11 18:30:00,"2018-05-11","18:30:00",18.5,5,"N","F1",361.6,4.4,49.2,40,6.4,20.4,12,9.6,142,219.6,"Ven","Mag",11,"2018",11,18,30
2018-05-11 18:45:00,"2018-05-11","18:45:00",18.75,5,"N","F1",349.6,4.8,44.8,38.8,7.6,23.2,12,3.2,134.4,215.2,"Ven","Mag",11,"2018",11,18,45
2018-05-11 19:00:00,"2018-05-11","19:00:00",19,5,"N","F23",335.2,4.4,39.6,39.6,6.4,21.2,11.2,2,124.4,210.8,"Ven","Mag",11,"2018",11,19,0
2018-05-11 19:15:00,"2018-05-11","19:15:00",19.25,5,"N","F23",305.2,5.2,37.2,38,6.4,21.6,10.8,1.2,120.4,184.8,"Ven","Mag",11,"2018",11,19,15
2018-05-11 19:30:00,"2018-05-11","19:30:00",19.5,5,"N","F23",263.6,5.2,26,41.2,7.2,23.2,10.8,0.4,114,149.6,"Ven","Mag",11,"2018",11,19,30
2018-05-11 19:45:00,"2018-05-11","19:45:00",19.75,5,"N","F23",241.6,4.4,19.2,38.8,6,19.2,10.4,0.4,98.4,143.2,"Ven","Mag",11,"2018",11,19,45
2018-05-11 20:00:00,"2018-05-11","20:00:00",20,5,"N","F23",231.2,4.8,20,37.6,6,18.4,10.8,0.4,98,133.2,"Ven","Mag",11,"2018",11,20,0
2018-05-11 20:15:00,"2018-05-11","20:15:00",20.25,5,"N","F23",206,4.8,13.6,40.8,6.8,24,9.6,0.4,100,106,"Ven","Mag",11,"2018",11,20,15
2018-05-11 20:30:00,"2018-05-11","20:30:00",20.5,5,"N","F23",188.4,4.4,2.4,39.6,5.2,22.8,10.8,0.4,85.6,102.8,"Ven","Mag",11,"2018",11,20,30
2018-05-11 20:45:00,"2018-05-11","20:45:00",20.75,5,"N","F23",192,4.8,2.4,38.8,6,22.8,11.2,0,86,106,"Ven","Mag",11,"2018",11,20,45
2018-05-11 21:00:00,"2018-05-11","21:00:00",21,5,"N","F23",190.4,4.4,2.4,38,5.6,20.4,11.2,0.4,82.4,108,"Ven","Mag",11,"2018",11,21,0
2018-05-11 21:15:00,"2018-05-11","21:15:00",21.25,5,"N","F23",178,4,2.4,40.8,5.6,20,10,0.8,83.6,94.4,"Ven","Mag",11,"2018",11,21,15
2018-05-11 21:30:00,"2018-05-11","21:30:00",21.5,5,"N","F23",167.6,4,2.4,39.6,6.8,20,10.4,0.4,83.6,84,"Ven","Mag",11,"2018",11,21,30
2018-05-11 21:45:00,"2018-05-11","21:45:00",21.75,5,"N","F23",167.2,4,2.8,39.2,4.8,22,10,0.4,83.2,84,"Ven","Mag",11,"2018",11,21,45
2018-05-11 22:00:00,"2018-05-11","22:00:00",22,5,"N","F23",157.6,4,2,36.8,6,19.2,10,0,78,79.6,"Ven","Mag",11,"2018",11,22,0
2018-05-11 22:15:00,"2018-05-11","22:15:00",22.25,5,"N","F23",164.8,4.4,2.8,41.2,5.6,21.2,9.6,0.4,85.2,79.6,"Ven","Mag",11,"2018",11,22,15
2018-05-11 22:30:00,"2018-05-11","22:30:00",22.5,5,"N","F23",159.2,4,2.4,39.6,5.2,19.2,10,0.4,80.8,78.4,"Ven","Mag",11,"2018",11,22,30
2018-05-11 22:45:00,"2018-05-11","22:45:00",22.75,5,"N","F23",152.8,4,2.4,38.4,5.6,18.4,9.6,0.4,78.8,74,"Ven","Mag",11,"2018",11,22,45
2018-05-11 23:00:00,"2018-05-11","23:00:00",23,5,"N","F23",156.8,4.4,2.4,39.2,5.6,20,10.4,0,82,74.8,"Ven","Mag",11,"2018",11,23,0
2018-05-11 23:15:00,"2018-05-11","23:15:00",23.25,5,"N","F23",154,4,2.4,38,5.6,22.8,9.6,0.4,82.8,71.2,"Ven","Mag",11,"2018",11,23,15
2018-05-11 23:30:00,"2018-05-11","23:30:00",23.5,5,"N","F23",142.8,4,2.4,38,5.2,18.4,8.8,0.8,77.6,65.2,"Ven","Mag",11,"2018",11,23,30
2018-05-11 23:45:00,"2018-05-11","23:45:00",23.75,5,"N","F23",147.2,4,2.4,40,5.6,17.2,9.6,0.4,79.2,68,"Ven","Mag",11,"2018",11,23,45
2018-05-12 00:00:00,"2018-05-12","00:00:00",0,6,"N","F23",147.6,4,2.4,40,6,20.4,9.6,0,82.4,65.2,"Sab","Mag",12,"2018",12,0,0
2018-05-12 00:15:00,"2018-05-12","00:15:00",0.25,6,"N","F23",142.4,4,2.4,38.4,5.6,19.2,8.8,0.4,78.8,63.6,"Sab","Mag",12,"2018",12,0,15
2018-05-12 00:30:00,"2018-05-12","00:30:00",0.5,6,"N","F23",147.6,4,2.4,39.6,5.2,22,8.8,0.4,82.4,65.2,"Sab","Mag",12,"2018",12,0,30
2018-05-12 00:45:00,"2018-05-12","00:45:00",0.75,6,"N","F23",141.2,4,2.4,38.8,6,18.8,8.8,0.4,79.2,62,"Sab","Mag",12,"2018",12,0,45
2018-05-12 01:00:00,"2018-05-12","01:00:00",1,6,"N","F23",136,4,2.4,38,4.8,20,8.4,0,77.6,58.4,"Sab","Mag",12,"2018",12,1,0
2018-05-12 01:15:00,"2018-05-12","01:15:00",1.25,6,"N","F23",141.2,4,2.4,37.6,5.2,19.2,9.2,0.4,78,63.2,"Sab","Mag",12,"2018",12,1,15
2018-05-12 01:30:00,"2018-05-12","01:30:00",1.5,6,"N","F23",147.6,4,2.4,39.2,5.6,20,8.8,0.8,80.8,66.8,"Sab","Mag",12,"2018",12,1,30
2018-05-12 01:45:00,"2018-05-12","01:45:00",1.75,6,"N","F23",141.2,4,2,36,4.8,21.6,8.4,0.4,77.2,64,"Sab","Mag",12,"2018",12,1,45
2018-05-12 02:00:00,"2018-05-12","02:00:00",2,6,"N","F23",150.4,3.6,2.8,39.2,5.6,20,9.2,0,80.4,70,"Sab","Mag",12,"2018",12,2,0
2018-05-12 02:15:00,"2018-05-12","02:15:00",2.25,6,"N","F23",139.2,4,2,38,5.2,16.4,8.8,0.4,74.8,64.4,"Sab","Mag",12,"2018",12,2,15
2018-05-12 02:30:00,"2018-05-12","02:30:00",2.5,6,"N","F23",149.6,4,2.4,39.2,5.6,20,8.4,0.4,80,69.6,"Sab","Mag",12,"2018",12,2,30
2018-05-12 02:45:00,"2018-05-12","02:45:00",2.75,6,"N","F23",144.4,4.4,2.8,38.8,5.6,17.6,8.8,0.4,78.4,66,"Sab","Mag",12,"2018",12,2,45
2018-05-12 03:00:00,"2018-05-12","03:00:00",3,6,"N","F23",140.8,3.6,2,38,4.8,18.8,9.2,0,76.4,64.4,"Sab","Mag",12,"2018",12,3,0
2018-05-12 03:15:00,"2018-05-12","03:15:00",3.25,6,"N","F23",137.6,4,2.4,36.8,5.6,17.6,8.4,0.4,75.2,62.4,"Sab","Mag",12,"2018",12,3,15
2018-05-12 03:30:00,"2018-05-12","03:30:00",3.5,6,"N","F23",135.6,4,2.8,39.2,6,16.4,8.8,0.8,78,57.6,"Sab","Mag",12,"2018",12,3,30
2018-05-12 03:45:00,"2018-05-12","03:45:00",3.75,6,"N","F23",136.4,4,2,37.6,4.8,17.6,8.4,0.4,74.8,61.6,"Sab","Mag",12,"2018",12,3,45
2018-05-12 04:00:00,"2018-05-12","04:00:00",4,6,"N","F23",133.2,4,2.8,36.8,6,16.8,8.8,0,75.2,58,"Sab","Mag",12,"2018",12,4,0
2018-05-12 04:15:00,"2018-05-12","04:15:00",4.25,6,"N","F23",135.6,4.4,4.4,37.6,5.2,19.6,8.8,0.4,80.4,55.2,"Sab","Mag",12,"2018",12,4,15
2018-05-12 04:30:00,"2018-05-12","04:30:00",4.5,6,"N","F23",144,3.6,5.2,37.6,5.2,20.4,8.4,0.4,80.8,63.2,"Sab","Mag",12,"2018",12,4,30
2018-05-12 04:45:00,"2018-05-12","04:45:00",4.75,6,"N","F23",NA,4,5.6,36.8,5.6,20.4,9.2,0.4,82,60,"Sab","Mag",12,"2018",12,4,45
2018-05-12 05:00:00,"2018-05-12","05:00:00",5,6,"N","F23",NA,4,5.2,39.2,5.6,17.6,8.8,0,80.4,58.8,"Sab","Mag",12,"2018",12,5,0
2018-05-12 05:15:00,"2018-05-12","05:15:00",5.25,6,"N","F23",NA,4,5.6,35.6,5.2,18,8.4,0.4,77.2,69.2,"Sab","Mag",12,"2018",12,5,15
2018-05-12 05:30:00,"2018-05-12","05:30:00",5.5,6,"N","F23",NA,4,5.2,37.2,5.6,22,8.4,0.8,83.2,74.8,"Sab","Mag",12,"2018",12,5,30
2018-05-12 05:45:00,"2018-05-12","05:45:00",5.75,6,"N","F23",NA,4,5.6,38.4,5.6,20.4,8.8,0,82.8,68,"Sab","Mag",12,"2018",12,5,45
2018-05-12 06:00:00,"2018-05-12","06:00:00",6,6,"N","F23",NA,3.6,5.2,35.6,5.6,16.4,9.2,0.4,76,69.2,"Sab","Mag",12,"2018",12,6,0
2018-05-12 06:15:00,"2018-05-12","06:15:00",6.25,6,"N","F23",NA,4,4.8,38.8,6,24,8.4,0.4,86.4,73.2,"Sab","Mag",12,"2018",12,6,15
2018-05-12 06:30:00,"2018-05-12","06:30:00",6.5,6,"N","F23",NA,4,4.4,36.8,4.8,24,8.8,0.4,83.2,77.2,"Sab","Mag",12,"2018",12,6,30
2018-05-12 06:45:00,"2018-05-12","06:45:00",6.75,6,"N","F23",NA,4,5.2,35.6,5.6,29.2,8.4,0,88,88,"Sab","Mag",12,"2018",12,6,45
2018-05-12 07:00:00,"2018-05-12","07:00:00",7,6,"N","F23",NA,4,5.2,38.8,5.2,27.6,9.2,0.4,90.4,103.6,"Sab","Mag",12,"2018",12,7,0
2018-05-12 07:15:00,"2018-05-12","07:15:00",7.25,6,"N","F23",NA,4,6.8,36.4,4.8,27.6,9.6,1.2,90.4,123.2,"Sab","Mag",12,"2018",12,7,15
2018-05-12 07:30:00,"2018-05-12","07:30:00",7.5,6,"N","F23",NA,4,9.2,37.6,5.6,25.6,9.2,2.4,93.6,154,"Sab","Mag",12,"2018",12,7,30
2018-05-12 07:45:00,"2018-05-12","07:45:00",7.75,6,"N","F23",NA,4,14.8,37.2,5.2,26.4,9.2,1.6,98.4,156.8,"Sab","Mag",12,"2018",12,7,45
2018-05-12 08:00:00,"2018-05-12","08:00:00",8,6,"N","F23",NA,4,47.2,35.6,5.6,25.6,10,2,130,160.8,"Sab","Mag",12,"2018",12,8,0
2018-05-12 08:15:00,"2018-05-12","08:15:00",8.25,6,"N","F23",NA,4,60,38.8,5.6,31.6,9.6,2,151.6,162,"Sab","Mag",12,"2018",12,8,15
2018-05-12 08:30:00,"2018-05-12","08:30:00",8.5,6,"N","F23",NA,4,32,36.8,6,26.4,10,2,117.2,203.2,"Sab","Mag",12,"2018",12,8,30
2018-05-12 08:45:00,"2018-05-12","08:45:00",8.75,6,"N","F23",NA,4,34.8,38,5.6,24.8,10.4,1.6,119.2,205.2,"Sab","Mag",12,"2018",12,8,45
2018-05-12 09:00:00,"2018-05-12","09:00:00",9,6,"N","F23",NA,4,39.2,36.8,5.6,25.2,9.2,2,122,206,"Sab","Mag",12,"2018",12,9,0
2018-05-12 09:15:00,"2018-05-12","09:15:00",9.25,6,"N","F23",NA,4,28.4,38,5.2,26.8,9.2,2,113.6,205.6,"Sab","Mag",12,"2018",12,9,15
2018-05-12 09:30:00,"2018-05-12","09:30:00",9.5,6,"N","F23",NA,5.2,39.6,38.4,6,29.2,9.2,2,129.6,200.4,"Sab","Mag",12,"2018",12,9,30
2018-05-12 09:45:00,"2018-05-12","09:45:00",9.75,6,"N","F23",NA,4.8,39.6,39.2,5.2,30.4,8.8,2,130,203.2,"Sab","Mag",12,"2018",12,9,45
2018-05-12 10:00:00,"2018-05-12","10:00:00",10,6,"N","F23",NA,4.8,38.8,39.2,5.2,24.4,9.2,2,123.6,208,"Sab","Mag",12,"2018",12,10,0
2018-05-12 10:15:00,"2018-05-12","10:15:00",10.25,6,"N","F23",NA,4.8,37.6,38,5.6,25.6,8.8,1.6,122,203.6,"Sab","Mag",12,"2018",12,10,15
2018-05-12 10:30:00,"2018-05-12","10:30:00",10.5,6,"N","F23",NA,5.2,34.4,38,6.4,30,9.2,2,125.2,207.6,"Sab","Mag",12,"2018",12,10,30
2018-05-12 10:45:00,"2018-05-12","10:45:00",10.75,6,"N","F23",NA,4.8,28.8,38.8,4.8,24.8,9.6,2,113.6,212,"Sab","Mag",12,"2018",12,10,45
2018-05-12 11:00:00,"2018-05-12","11:00:00",11,6,"N","F23",NA,4.8,28,38.4,5.6,28.4,8.8,1.6,115.6,201.2,"Sab","Mag",12,"2018",12,11,0
2018-05-12 11:15:00,"2018-05-12","11:15:00",11.25,6,"N","F23",NA,5.2,47.6,39.6,6,27.2,9.2,2.4,137.2,204.8,"Sab","Mag",12,"2018",12,11,15
2018-05-12 11:30:00,"2018-05-12","11:30:00",11.5,6,"N","F23",NA,5.2,28.4,38.8,5.2,27.2,9.6,1.6,116,208,"Sab","Mag",12,"2018",12,11,30
2018-05-12 11:45:00,"2018-05-12","11:45:00",11.75,6,"N","F23",NA,4.8,39.6,39.6,5.6,24.8,9.2,2,125.6,200,"Sab","Mag",12,"2018",12,11,45
2018-05-12 12:00:00,"2018-05-12","12:00:00",12,6,"N","F23",NA,4.8,43.2,40,5.6,28,10,2,133.6,203.6,"Sab","Mag",12,"2018",12,12,0
2018-05-12 12:15:00,"2018-05-12","12:15:00",12.25,6,"N","F23",NA,5.2,38.4,37.6,6,27.6,9.6,1.6,126,202.4,"Sab","Mag",12,"2018",12,12,15
2018-05-12 12:30:00,"2018-05-12","12:30:00",12.5,6,"N","F23",NA,4.8,37.2,40.4,5.2,25.6,9.6,2,124.8,200.8,"Sab","Mag",12,"2018",12,12,30
2018-05-12 12:45:00,"2018-05-12","12:45:00",12.75,6,"N","F23",NA,4.8,40,40,4.8,32,10,2,133.6,200,"Sab","Mag",12,"2018",12,12,45
2018-05-12 13:00:00,"2018-05-12","13:00:00",13,6,"N","F23",NA,5.2,40.8,40,6,22.8,9.6,1.6,126,205.2,"Sab","Mag",12,"2018",12,13,0
2018-05-12 13:15:00,"2018-05-12","13:15:00",13.25,6,"N","F23",NA,4.8,38.4,37.2,5.2,32.4,9.2,2,129.2,170,"Sab","Mag",12,"2018",12,13,15
2018-05-12 13:30:00,"2018-05-12","13:30:00",13.5,6,"N","F23",NA,5.2,34,41.2,4.8,33.2,9.2,2.4,130,153.6,"Sab","Mag",12,"2018",12,13,30
2018-05-12 13:45:00,"2018-05-12","13:45:00",13.75,6,"N","F23",NA,4.8,32.4,39.2,5.6,24.8,9.6,1.6,118,156.8,"Sab","Mag",12,"2018",12,13,45
2018-05-12 14:00:00,"2018-05-12","14:00:00",14,6,"N","F23",NA,4.8,31.2,39.2,4.8,26.8,8.8,2,117.6,145.2,"Sab","Mag",12,"2018",12,14,0
2018-05-12 14:15:00,"2018-05-12","14:15:00",14.25,6,"N","F23",NA,5.2,31.2,37.2,5.2,28,9.2,1.2,117.2,98.8,"Sab","Mag",12,"2018",12,14,15
2018-05-12 14:30:00,"2018-05-12","14:30:00",14.5,6,"N","F23",NA,4.8,22.4,42.4,5.2,28.4,9.2,0,112.4,68.4,"Sab","Mag",12,"2018",12,14,30
2018-05-12 14:45:00,"2018-05-12","14:45:00",14.75,6,"N","F23",NA,5.2,20,36,4.8,30.4,9.6,0.4,106.4,61.6,"Sab","Mag",12,"2018",12,14,45
2018-05-12 15:00:00,"2018-05-12","15:00:00",15,6,"N","F23",NA,4.8,20,42.4,5.6,28.4,9.2,0.4,110.8,57.2,"Sab","Mag",12,"2018",12,15,0
2018-05-12 15:15:00,"2018-05-12","15:15:00",15.25,6,"N","F23",NA,5.2,14,36,4.4,26.4,8.8,0.4,95.2,55.2,"Sab","Mag",12,"2018",12,15,15
2018-05-12 15:30:00,"2018-05-12","15:30:00",15.5,6,"N","F23",NA,4.8,2.4,42,5.6,28.4,8.8,0.4,92.4,58,"Sab","Mag",12,"2018",12,15,30
2018-05-12 15:45:00,"2018-05-12","15:45:00",15.75,6,"N","F23",NA,5.2,2.4,38,5.2,32,9.2,0.4,92.4,59.6,"Sab","Mag",12,"2018",12,15,45
2018-05-12 16:00:00,"2018-05-12","16:00:00",16,6,"N","F23",NA,5.2,2.4,36.4,4.8,28.4,9.2,0.4,86.8,44.8,"Sab","Mag",12,"2018",12,16,0
2018-05-12 16:15:00,"2018-05-12","16:15:00",16.25,6,"N","F23",NA,5.2,2.4,37.6,5.6,21.2,8.8,0,80.8,68,"Sab","Mag",12,"2018",12,16,15
2018-05-12 16:30:00,"2018-05-12","16:30:00",16.5,6,"N","F23",NA,5.2,2.4,37.2,5.2,17.6,9.6,0.4,77.6,69.2,"Sab","Mag",12,"2018",12,16,30
2018-05-12 16:45:00,"2018-05-12","16:45:00",16.75,6,"N","F23",NA,5.2,2.4,35.6,5.2,18,8.8,0.4,75.6,68,"Sab","Mag",12,"2018",12,16,45
2018-05-12 17:00:00,"2018-05-12","17:00:00",17,6,"N","F23",NA,5.6,2.4,38.8,5.2,20.8,8.8,0.4,82,69.6,"Sab","Mag",12,"2018",12,17,0
2018-05-12 17:15:00,"2018-05-12","17:15:00",17.25,6,"N","F23",NA,5.2,2.4,36.4,5.2,21.2,8.8,0.4,79.6,60.4,"Sab","Mag",12,"2018",12,17,15
2018-05-12 17:30:00,"2018-05-12","17:30:00",17.5,6,"N","F23",NA,5.2,2.4,38.4,5.2,16.8,8.8,0.4,77.2,65.2,"Sab","Mag",12,"2018",12,17,30
2018-05-12 17:45:00,"2018-05-12","17:45:00",17.75,6,"N","F23",NA,4.8,2.4,36.4,5.2,18.8,8.8,0.4,76.8,67.2,"Sab","Mag",12,"2018",12,17,45
2018-05-12 18:00:00,"2018-05-12","18:00:00",18,6,"N","F23",NA,4.4,2.4,39.2,5.6,18.8,8.8,0.4,79.6,59.6,"Sab","Mag",12,"2018",12,18,0
2018-05-12 18:15:00,"2018-05-12","18:15:00",18.25,6,"N","F23",NA,4,2,36,6,16.8,8.8,0,73.6,61.2,"Sab","Mag",12,"2018",12,18,15
2018-05-12 18:30:00,"2018-05-12","18:30:00",18.5,6,"N","F23",NA,4.4,2.4,39.2,5.6,22.8,9.2,0.4,84,47.6,"Sab","Mag",12,"2018",12,18,30
2018-05-12 18:45:00,"2018-05-12","18:45:00",18.75,6,"N","F23",NA,4.4,2.4,36.8,4.8,19.6,9.2,0.4,77.6,47.2,"Sab","Mag",12,"2018",12,18,45
2018-05-12 19:00:00,"2018-05-12","19:00:00",19,6,"N","F23",NA,4,2.4,39.6,5.2,17.6,8.8,0.4,78,46,"Sab","Mag",12,"2018",12,19,0
2018-05-12 19:15:00,"2018-05-12","19:15:00",19.25,6,"N","F23",NA,4,2.4,39.6,5.2,20,8.8,0,80,66,"Sab","Mag",12,"2018",12,19,15
2018-05-12 19:30:00,"2018-05-12","19:30:00",19.5,6,"N","F23",NA,4.4,2.4,39.2,5.2,20.8,8.8,0.8,81.6,72.4,"Sab","Mag",12,"2018",12,19,30
2018-05-12 19:45:00,"2018-05-12","19:45:00",19.75,6,"N","F23",NA,4,2.4,36.8,5.2,20,9.2,0.4,78,73.2,"Sab","Mag",12,"2018",12,19,45
2018-05-12 20:00:00,"2018-05-12","20:00:00",20,6,"N","F23",150.4,4,2.4,38,5.6,18.8,9.2,0.4,78.4,72,"Sab","Mag",12,"2018",12,20,0
2018-05-12 20:15:00,"2018-05-12","20:15:00",20.25,6,"N","F23",150,4,2.4,38.8,5.2,18.8,8.8,0,78,72,"Sab","Mag",12,"2018",12,20,15
2018-05-12 20:30:00,"2018-05-12","20:30:00",20.5,6,"N","F23",148.8,4,2.4,35.6,5.2,16.4,9.2,0.4,73.2,75.6,"Sab","Mag",12,"2018",12,20,30
2018-05-12 20:45:00,"2018-05-12","20:45:00",20.75,6,"N","F23",159.6,4,2.4,38.8,5.6,18,10,0.4,79.2,80.4,"Sab","Mag",12,"2018",12,20,45
2018-05-12 21:00:00,"2018-05-12","21:00:00",21,6,"N","F23",157.6,4.4,2.4,36.8,4.4,20,10.4,0.4,78.8,78.8,"Sab","Mag",12,"2018",12,21,0
2018-05-12 21:15:00,"2018-05-12","21:15:00",21.25,6,"N","F23",161.6,4,2.4,37.6,5.6,20.4,9.6,0,79.6,82,"Sab","Mag",12,"2018",12,21,15
2018-05-12 21:30:00,"2018-05-12","21:30:00",21.5,6,"N","F23",158,4,2.4,36.8,4.8,19.6,10,0.8,78.4,79.6,"Sab","Mag",12,"2018",12,21,30
2018-05-12 21:45:00,"2018-05-12","21:45:00",21.75,6,"N","F23",158.4,4,2.4,38,6.4,16.4,9.6,0.4,77.2,81.2,"Sab","Mag",12,"2018",12,21,45
2018-05-12 22:00:00,"2018-05-12","22:00:00",22,6,"N","F23",159.2,4.4,2.4,36.4,5.6,17.2,9.6,0.4,76,83.2,"Sab","Mag",12,"2018",12,22,0
2018-05-12 22:15:00,"2018-05-12","22:15:00",22.25,6,"N","F23",162.4,4,2.4,37.2,5.2,22.8,10,0,81.6,80.8,"Sab","Mag",12,"2018",12,22,15
2018-05-12 22:30:00,"2018-05-12","22:30:00",22.5,6,"N","F23",159.2,4,2.4,37.6,6.4,20,9.6,0.4,80.4,78.8,"Sab","Mag",12,"2018",12,22,30
2018-05-12 22:45:00,"2018-05-12","22:45:00",22.75,6,"N","F23",154,4.4,2.4,36.8,4.8,15.6,9.6,0.4,74,80,"Sab","Mag",12,"2018",12,22,45
2018-05-12 23:00:00,"2018-05-12","23:00:00",23,6,"N","F23",157.2,4,2.4,39.2,5.6,20,10,0.4,81.6,75.6,"Sab","Mag",12,"2018",12,23,0
2018-05-12 23:15:00,"2018-05-12","23:15:00",23.25,6,"N","F23",145.6,4,2.4,36,5.6,17.6,9.2,0,74.8,70.8,"Sab","Mag",12,"2018",12,23,15
2018-05-12 23:30:00,"2018-05-12","23:30:00",23.5,6,"N","F23",146,4.4,2.4,38.8,5.6,19.2,8.8,0.8,80,66,"Sab","Mag",12,"2018",12,23,30
2018-05-12 23:45:00,"2018-05-12","23:45:00",23.75,6,"N","F23",148.8,4,2.4,38.8,5.6,22,8.8,0.4,82,66.8,"Sab","Mag",12,"2018",12,23,45
2018-05-13 00:00:00,"2018-05-13","00:00:00",0,7,"S","F23",139.2,4,2.4,35.6,5.6,17.6,8.4,0,73.6,65.6,"Dom","Mag",13,"2018",13,0,0
2018-05-13 00:15:00,"2018-05-13","00:15:00",0.25,7,"S","F23",148,4.4,2.4,38.8,6,17.2,8.8,0.4,78,70,"Dom","Mag",13,"2018",13,0,15
2018-05-13 00:30:00,"2018-05-13","00:30:00",0.5,7,"S","F23",143.6,4,2.4,36.8,5.6,20,8.8,0.4,78,65.6,"Dom","Mag",13,"2018",13,0,30
2018-05-13 00:45:00,"2018-05-13","00:45:00",0.75,7,"S","F23",138.8,4,2.4,38,4.8,19.6,8.4,0.4,77.6,61.2,"Dom","Mag",13,"2018",13,0,45
2018-05-13 01:00:00,"2018-05-13","01:00:00",1,7,"S","F23",138.8,4,2.4,36.8,4.8,19.6,8.8,0,76.4,62.4,"Dom","Mag",13,"2018",13,1,0
2018-05-13 01:15:00,"2018-05-13","01:15:00",1.25,7,"S","F23",140.8,4.4,2.4,37.2,5.6,18.8,8.8,0.4,77.6,63.2,"Dom","Mag",13,"2018",13,1,15
2018-05-13 01:30:00,"2018-05-13","01:30:00",1.5,7,"S","F23",135.2,4,2.4,37.6,4.4,17.2,8.4,0.8,74.8,60.4,"Dom","Mag",13,"2018",13,1,30
2018-05-13 01:45:00,"2018-05-13","01:45:00",1.75,7,"S","F23",139.2,4,2.4,36.4,5.6,18,9.2,0.4,76,63.2,"Dom","Mag",13,"2018",13,1,45
2018-05-13 02:00:00,"2018-05-13","02:00:00",2,7,"S","F23",141.2,4,2.4,39.2,5.6,18,8.8,0,78,63.2,"Dom","Mag",13,"2018",13,2,0
2018-05-13 02:15:00,"2018-05-13","02:15:00",2.25,7,"S","F23",135.6,4.4,2.4,36,5.2,20,8.4,0.4,76.8,58.8,"Dom","Mag",13,"2018",13,2,15
2018-05-13 02:30:00,"2018-05-13","02:30:00",2.5,7,"S","F23",141.6,4,2.4,38.8,4.8,21.2,8.4,0.4,80,61.6,"Dom","Mag",13,"2018",13,2,30
2018-05-13 02:45:00,"2018-05-13","02:45:00",2.75,7,"S","F23",136.8,4,2.4,36.8,5.2,18.8,8.8,0.4,76.4,60.4,"Dom","Mag",13,"2018",13,2,45
2018-05-13 03:00:00,"2018-05-13","03:00:00",3,7,"S","F23",136.8,4,2.4,36.4,5.6,16.8,8.4,0,73.6,63.2,"Dom","Mag",13,"2018",13,3,0
2018-05-13 03:15:00,"2018-05-13","03:15:00",3.25,7,"S","F23",138,4,2.4,38.4,4.8,18.4,8.8,0.4,77.2,60.8,"Dom","Mag",13,"2018",13,3,15
2018-05-13 03:30:00,"2018-05-13","03:30:00",3.5,7,"S","F23",139.2,4.4,2.4,36.8,5.2,19.6,8.8,0.8,78,61.2,"Dom","Mag",13,"2018",13,3,30
2018-05-13 03:45:00,"2018-05-13","03:45:00",3.75,7,"S","F23",137.2,4,2.4,38,5.2,17.2,8.8,0.4,76,61.2,"Dom","Mag",13,"2018",13,3,45
2018-05-13 04:00:00,"2018-05-13","04:00:00",4,7,"S","F23",140,4,2.4,38.8,4.8,18.8,8.8,0,77.6,62.4,"Dom","Mag",13,"2018",13,4,0
2018-05-13 04:15:00,"2018-05-13","04:15:00",4.25,7,"S","F23",137.2,4,2.4,38,5.2,17.2,8.4,0.4,75.6,61.6,"Dom","Mag",13,"2018",13,4,15
2018-05-13 04:30:00,"2018-05-13","04:30:00",4.5,7,"S","F23",133.6,4,2.4,36.4,4.4,17.6,8.8,0.4,74,59.6,"Dom","Mag",13,"2018",13,4,30
2018-05-13 04:45:00,"2018-05-13","04:45:00",4.75,7,"S","F23",145.6,4.4,2.4,39.2,6,20,8.8,0.4,81.2,64.4,"Dom","Mag",13,"2018",13,4,45
2018-05-13 05:00:00,"2018-05-13","05:00:00",5,7,"S","F23",136.4,4,2.4,35.6,5.2,18.8,8.8,0,74.8,61.6,"Dom","Mag",13,"2018",13,5,0
2018-05-13 05:15:00,"2018-05-13","05:15:00",5.25,7,"S","F23",144,4,2.4,38.8,4.8,18.4,8.4,0.4,77.2,66.8,"Dom","Mag",13,"2018",13,5,15
2018-05-13 05:30:00,"2018-05-13","05:30:00",5.5,7,"S","F23",152,4.4,2.4,36.8,5.6,19.6,8.4,0.8,78,74,"Dom","Mag",13,"2018",13,5,30
2018-05-13 05:45:00,"2018-05-13","05:45:00",5.75,7,"S","F23",144,4,2.4,36,5.2,16.8,8.8,0.4,73.6,70.4,"Dom","Mag",13,"2018",13,5,45
2018-05-13 06:00:00,"2018-05-13","06:00:00",6,7,"S","F23",152.8,4,2.8,38.8,4.8,21.2,8.8,0,80.4,72.4,"Dom","Mag",13,"2018",13,6,0
2018-05-13 06:15:00,"2018-05-13","06:15:00",6.25,7,"S","F23",150,4.4,2.4,36.4,6,21.6,9.2,0.4,80.4,69.6,"Dom","Mag",13,"2018",13,6,15
2018-05-13 06:30:00,"2018-05-13","06:30:00",6.5,7,"S","F23",139.6,4,2.4,38,4.4,18,8,0.4,75.2,64.4,"Dom","Mag",13,"2018",13,6,30
2018-05-13 06:45:00,"2018-05-13","06:45:00",6.75,7,"S","F23",144,4,2.4,36.8,5.6,20,8,0.4,77.2,66.8,"Dom","Mag",13,"2018",13,6,45
2018-05-13 07:00:00,"2018-05-13","07:00:00",7,7,"S","F23",142,4,2.4,37.2,5.6,18.8,7.6,0,75.6,66.4,"Dom","Mag",13,"2018",13,7,0
2018-05-13 07:15:00,"2018-05-13","07:15:00",7.25,7,"S","F23",142,4,2.4,37.2,4.8,22.4,8,0.4,79.2,62.8,"Dom","Mag",13,"2018",13,7,15
2018-05-13 07:30:00,"2018-05-13","07:30:00",7.5,7,"S","F23",147.2,4.4,2.4,36.8,5.2,21.2,8,0.4,78.4,68.8,"Dom","Mag",13,"2018",13,7,30
2018-05-13 07:45:00,"2018-05-13","07:45:00",7.75,7,"S","F23",148,4,2.4,38.4,6.4,17.6,8,0.8,77.6,70.4,"Dom","Mag",13,"2018",13,7,45
2018-05-13 08:00:00,"2018-05-13","08:00:00",8,7,"S","F23",136.8,4,2.4,35.6,4.8,16.8,8,0,71.6,65.2,"Dom","Mag",13,"2018",13,8,0
2018-05-13 08:15:00,"2018-05-13","08:15:00",8.25,7,"S","F23",143.2,4.4,2.4,36.8,5.2,17.2,8,0.4,74.4,68.8,"Dom","Mag",13,"2018",13,8,15
2018-05-13 08:30:00,"2018-05-13","08:30:00",8.5,7,"S","F23",148,4,2.4,38.4,5.6,19.6,8.8,0.4,79.2,68.8,"Dom","Mag",13,"2018",13,8,30
2018-05-13 08:45:00,"2018-05-13","08:45:00",8.75,7,"S","F23",136.4,4,2.4,35.6,4.8,21.6,8,0.4,76.8,59.6,"Dom","Mag",13,"2018",13,8,45
2018-05-13 09:00:00,"2018-05-13","09:00:00",9,7,"S","F23",135.2,4.4,2.4,37.6,6,20,8,0,78.4,56.8,"Dom","Mag",13,"2018",13,9,0
2018-05-13 09:15:00,"2018-05-13","09:15:00",9.25,7,"S","F23",133.6,4,2.4,38,5.2,16.4,8.4,0.4,74.8,58.8,"Dom","Mag",13,"2018",13,9,15
2018-05-13 09:30:00,"2018-05-13","09:30:00",9.5,7,"S","F23",126.4,4,2,35.6,4.8,18,7.6,0.4,72.4,54,"Dom","Mag",13,"2018",13,9,30
2018-05-13 09:45:00,"2018-05-13","09:45:00",9.75,7,"S","F23",134.4,4.4,2.4,38.8,5.6,20.4,8.4,0.8,80.8,53.6,"Dom","Mag",13,"2018",13,9,45
2018-05-13 10:00:00,"2018-05-13","10:00:00",10,7,"S","F23",132.8,4,2.4,36.4,4.8,20.8,8,0,76.4,56.4,"Dom","Mag",13,"2018",13,10,0
2018-05-13 10:15:00,"2018-05-13","10:15:00",10.25,7,"S","F23",133.6,4,2.4,36.8,6,17.2,8,0.4,74.8,58.8,"Dom","Mag",13,"2018",13,10,15
2018-05-13 10:30:00,"2018-05-13","10:30:00",10.5,7,"S","F23",136.4,4,2.4,38,5.2,18.8,8,0.4,76.8,59.6,"Dom","Mag",13,"2018",13,10,30
2018-05-13 10:45:00,"2018-05-13","10:45:00",10.75,7,"S","F23",133.6,4.4,2.4,36.4,5.2,18.8,8,0.4,75.6,58,"Dom","Mag",13,"2018",13,10,45
2018-05-13 11:00:00,"2018-05-13","11:00:00",11,7,"S","F23",134.8,4,2.4,38.4,5.2,19.2,8.4,0,77.6,57.2,"Dom","Mag",13,"2018",13,11,0
2018-05-13 11:15:00,"2018-05-13","11:15:00",11.25,7,"S","F23",137.2,4,2.4,36.8,5.2,22.8,8.4,0.4,80,57.2,"Dom","Mag",13,"2018",13,11,15
2018-05-13 11:30:00,"2018-05-13","11:30:00",11.5,7,"S","F23",136.8,4.4,2.4,38.4,5.6,20.4,8,0.4,79.6,57.2,"Dom","Mag",13,"2018",13,11,30
2018-05-13 11:45:00,"2018-05-13","11:45:00",11.75,7,"S","F23",128.8,4,2.4,36,4.8,16,8,0.8,72,56.8,"Dom","Mag",13,"2018",13,11,45
2018-05-13 12:00:00,"2018-05-13","12:00:00",12,7,"S","F23",134.4,4,2.4,37.2,6,17.6,8,0,75.2,59.2,"Dom","Mag",13,"2018",13,12,0
2018-05-13 12:15:00,"2018-05-13","12:15:00",12.25,7,"S","F23",133.6,4,2.4,38,5.2,18.8,8.4,0.4,77.2,56.4,"Dom","Mag",13,"2018",13,12,15
2018-05-13 12:30:00,"2018-05-13","12:30:00",12.5,7,"S","F23",140.8,4.4,2.4,38.8,5.2,23.2,7.6,0.4,82,58.8,"Dom","Mag",13,"2018",13,12,30
2018-05-13 12:45:00,"2018-05-13","12:45:00",12.75,7,"S","F23",133.6,4,2.4,37.2,5.6,20.4,8,0.4,78,55.6,"Dom","Mag",13,"2018",13,12,45
2018-05-13 13:00:00,"2018-05-13","13:00:00",13,7,"S","F23",135.2,4,2.4,40.4,5.6,18.4,8.4,0,79.2,56,"Dom","Mag",13,"2018",13,13,0
2018-05-13 13:15:00,"2018-05-13","13:15:00",13.25,7,"S","F23",136.8,4,2.4,39.2,5.2,19.2,8,0.4,78.4,58.4,"Dom","Mag",13,"2018",13,13,15
2018-05-13 13:30:00,"2018-05-13","13:30:00",13.5,7,"S","F23",137.2,4.4,2,37.2,5.6,20,8.4,0.4,78,59.2,"Dom","Mag",13,"2018",13,13,30
2018-05-13 13:45:00,"2018-05-13","13:45:00",13.75,7,"S","F23",134,4,2.4,38,4.8,20.4,8,0.4,78,56,"Dom","Mag",13,"2018",13,13,45
2018-05-13 14:00:00,"2018-05-13","14:00:00",14,7,"S","F23",143.6,4,2.4,39.2,5.6,20.8,8,0.4,80.4,63.2,"Dom","Mag",13,"2018",13,14,0
2018-05-13 14:15:00,"2018-05-13","14:15:00",14.25,7,"S","F23",142.4,4.4,2.4,38.8,5.2,19.2,8,0.4,78.4,64,"Dom","Mag",13,"2018",13,14,15
2018-05-13 14:30:00,"2018-05-13","14:30:00",14.5,7,"S","F23",140,4,2.4,36.4,4.4,18.8,8,0.4,74.4,65.6,"Dom","Mag",13,"2018",13,14,30
2018-05-13 14:45:00,"2018-05-13","14:45:00",14.75,7,"S","F23",146,4,2.4,39.2,6,18.4,8,0.4,78.4,67.6,"Dom","Mag",13,"2018",13,14,45
2018-05-13 15:00:00,"2018-05-13","15:00:00",15,7,"S","F23",143.2,4,2.4,36.4,4.8,20.8,8.4,0,76.8,66.4,"Dom","Mag",13,"2018",13,15,0
2018-05-13 15:15:00,"2018-05-13","15:15:00",15.25,7,"S","F23",140.4,4.4,2.4,36.8,4.8,23.6,8,0.4,80.4,60,"Dom","Mag",13,"2018",13,15,15
2018-05-13 15:30:00,"2018-05-13","15:30:00",15.5,7,"S","F23",134,4,2.4,37.6,6,18.4,8,0.4,76.8,57.2,"Dom","Mag",13,"2018",13,15,30
2018-05-13 15:45:00,"2018-05-13","15:45:00",15.75,7,"S","F23",137.6,4,2.4,36.4,5.2,18,8,0.4,74.4,63.2,"Dom","Mag",13,"2018",13,15,45
2018-05-13 16:00:00,"2018-05-13","16:00:00",16,7,"S","F23",139.6,4.4,2.4,37.6,5.2,18.8,8,0.4,76.8,62.8,"Dom","Mag",13,"2018",13,16,0
2018-05-13 16:15:00,"2018-05-13","16:15:00",16.25,7,"S","F23",140.4,4,2.4,36.8,4.8,20.8,7.6,0.4,76.8,63.6,"Dom","Mag",13,"2018",13,16,15
2018-05-13 16:30:00,"2018-05-13","16:30:00",16.5,7,"S","F23",141.6,4,2.4,36.4,4.4,20.8,8,0.4,76.4,65.2,"Dom","Mag",13,"2018",13,16,30
2018-05-13 16:45:00,"2018-05-13","16:45:00",16.75,7,"S","F23",138.4,4,2.4,38,5.2,18,7.6,0,75.2,63.2,"Dom","Mag",13,"2018",13,16,45
2018-05-13 17:00:00,"2018-05-13","17:00:00",17,7,"S","F23",129.2,4,2.4,36.4,4.4,19.2,8,0.4,74.8,54.4,"Dom","Mag",13,"2018",13,17,0
2018-05-13 17:15:00,"2018-05-13","17:15:00",17.25,7,"S","F23",142,4.4,2.4,38.4,5.6,19.2,8,0.4,78.4,63.6,"Dom","Mag",13,"2018",13,17,15
2018-05-13 17:30:00,"2018-05-13","17:30:00",17.5,7,"S","F23",140,4,2.4,36.8,4.8,20,7.6,0.4,76,64,"Dom","Mag",13,"2018",13,17,30
2018-05-13 17:45:00,"2018-05-13","17:45:00",17.75,7,"S","F23",147.2,4,2.4,37.6,4.8,20,8.4,0.4,77.6,69.6,"Dom","Mag",13,"2018",13,17,45
2018-05-13 18:00:00,"2018-05-13","18:00:00",18,7,"S","F23",142.8,4,2.4,36.8,5.6,18.8,8,0.4,76,66.8,"Dom","Mag",13,"2018",13,18,0
2018-05-13 18:15:00,"2018-05-13","18:15:00",18.25,7,"S","F23",137.2,4,2,37.2,4.4,17.6,8,0.4,73.6,63.6,"Dom","Mag",13,"2018",13,18,15
2018-05-13 18:30:00,"2018-05-13","18:30:00",18.5,7,"S","F23",140.4,4.4,2.8,36.4,6,16.8,8,0.4,74.8,65.6,"Dom","Mag",13,"2018",13,18,30
2018-05-13 18:45:00,"2018-05-13","18:45:00",18.75,7,"S","F23",138.4,4,2.4,36.4,4.4,20.8,8,0,76,62.4,"Dom","Mag",13,"2018",13,18,45
2018-05-13 19:00:00,"2018-05-13","19:00:00",19,7,"S","F23",134,4,2,36,4.8,20.8,7.6,0.4,75.6,58.4,"Dom","Mag",13,"2018",13,19,0
2018-05-13 19:15:00,"2018-05-13","19:15:00",19.25,7,"S","F23",141.6,4,2.4,38,5.2,18,8,0.4,76,65.6,"Dom","Mag",13,"2018",13,19,15
2018-05-13 19:30:00,"2018-05-13","19:30:00",19.5,7,"S","F23",140.4,4.4,2.4,35.2,4.8,20,7.6,0.4,74.8,65.6,"Dom","Mag",13,"2018",13,19,30
2018-05-13 19:45:00,"2018-05-13","19:45:00",19.75,7,"S","F23",132.4,4,2.4,36.4,5.2,16.8,7.6,0.4,72.8,59.6,"Dom","Mag",13,"2018",13,19,45
2018-05-13 20:00:00,"2018-05-13","20:00:00",20,7,"S","F23",132.8,4,2.4,38.4,4.8,18.4,8.4,0.4,76.8,56,"Dom","Mag",13,"2018",13,20,0
2018-05-13 20:15:00,"2018-05-13","20:15:00",20.25,7,"S","F23",130.8,4,2.4,35.6,4.4,20.4,8.4,0.4,75.6,55.2,"Dom","Mag",13,"2018",13,20,15
2018-05-13 20:30:00,"2018-05-13","20:30:00",20.5,7,"S","F23",139.2,4.4,2.4,36.4,5.6,19.2,7.6,0,75.6,63.6,"Dom","Mag",13,"2018",13,20,30
2018-05-13 20:45:00,"2018-05-13","20:45:00",20.75,7,"S","F23",144.4,4,2.4,38.4,5.2,16.8,8,0.4,75.2,69.2,"Dom","Mag",13,"2018",13,20,45
2018-05-13 21:00:00,"2018-05-13","21:00:00",21,7,"S","F23",142,4,2.4,35.2,4.4,16.4,8,0.4,70.8,71.2,"Dom","Mag",13,"2018",13,21,0
2018-05-13 21:15:00,"2018-05-13","21:15:00",21.25,7,"S","F23",149.6,4,2.4,36.4,4.8,18,8.4,0.4,74.4,75.2,"Dom","Mag",13,"2018",13,21,15
2018-05-13 21:30:00,"2018-05-13","21:30:00",21.5,7,"S","F23",152.4,4.4,2.4,38,5.6,20.8,8.8,0.4,80.4,72,"Dom","Mag",13,"2018",13,21,30
2018-05-13 21:45:00,"2018-05-13","21:45:00",21.75,7,"S","F23",150,4,2.4,36,5.6,18.8,8.8,0.4,76,74,"Dom","Mag",13,"2018",13,21,45
2018-05-13 22:00:00,"2018-05-13","22:00:00",22,7,"S","F23",150.4,4,2.4,36.4,4.4,17.6,8.8,0.4,74,76.4,"Dom","Mag",13,"2018",13,22,0
2018-05-13 22:15:00,"2018-05-13","22:15:00",22.25,7,"S","F23",150,4,2.4,37.2,5.2,20,8.8,0.4,78,72,"Dom","Mag",13,"2018",13,22,15
2018-05-13 22:30:00,"2018-05-13","22:30:00",22.5,7,"S","F23",145.6,4,2.4,36.8,4.4,17.2,8.8,0,73.6,72,"Dom","Mag",13,"2018",13,22,30
2018-05-13 22:45:00,"2018-05-13","22:45:00",22.75,7,"S","F23",149.2,4,2.4,36.4,5.6,19.2,9.2,0.4,77.2,72,"Dom","Mag",13,"2018",13,22,45
2018-05-13 23:00:00,"2018-05-13","23:00:00",23,7,"S","F23",151.2,4.4,2.4,37.2,5.2,18.8,8.8,0.4,77.2,74,"Dom","Mag",13,"2018",13,23,0
2018-05-13 23:15:00,"2018-05-13","23:15:00",23.25,7,"S","F23",145.6,4,2.4,37.2,4.8,17.6,8.8,0.4,75.2,70.4,"Dom","Mag",13,"2018",13,23,15
2018-05-13 23:30:00,"2018-05-13","23:30:00",23.5,7,"S","F23",143.6,4,2.4,36.8,5.2,18.8,8.4,0.4,76,67.6,"Dom","Mag",13,"2018",13,23,30
2018-05-13 23:45:00,"2018-05-13","23:45:00",23.75,7,"S","F23",141.6,4,2.4,36.4,5.6,15.6,9.2,0.4,73.6,68,"Dom","Mag",13,"2018",13,23,45
